time,cpu_request,cpu_usage,memory_request,memory_usage,model
1721421274.68308,1000m,282m,1000Mi,236Mi,small
1721421278.07937,1000m,282m,1000Mi,236Mi,small
1721421281.60272,1000m,282m,1000Mi,236Mi,small
1721421284.85837,1000m,111m,1000Mi,236Mi,small
1721421288.13885,1000m,111m,1000Mi,236Mi,small
1721421291.47269,1000m,111m,1000Mi,236Mi,small
1721421294.58963,1000m,111m,1000Mi,236Mi,small
1721421297.65725,1000m,111m,1000Mi,236Mi,small
1721421303.67313,1000m,111m,1000Mi,236Mi,small
1721421306.80008,1000m,111m,1000Mi,236Mi,small
1721421309.89058,1000m,111m,1000Mi,236Mi,small
1721421312.96865,1000m,111m,1000Mi,236Mi,small
1721421316.04252,1000m,325m,1000Mi,343Mi,small
1721421319.10256,1000m,325m,1000Mi,343Mi,small
1721421322.18341,1000m,325m,1000Mi,343Mi,small
1721421325.25247,1000m,325m,1000Mi,343Mi,small
1721421328.32887,1000m,325m,1000Mi,343Mi,small
1721421331.4008,1000m,325m,1000Mi,343Mi,small
1721421334.46811,1000m,325m,1000Mi,343Mi,small
1721421337.51871,1000m,325m,1000Mi,343Mi,small
1721421340.58877,1000m,325m,1000Mi,343Mi,small
1721421343.65246,1000m,325m,1000Mi,343Mi,small
1721421346.71642,1000m,552m,1000Mi,340Mi,small
1721421350.2168,1000m,552m,1000Mi,340Mi,small
1721421353.28394,1000m,552m,1000Mi,340Mi,small
1721421356.40599,1000m,552m,1000Mi,340Mi,small
1721421360.03256,1000m,552m,1000Mi,340Mi,small
1721421363.13118,1000m,552m,1000Mi,340Mi,small
1721421366.19252,1000m,552m,1000Mi,340Mi,small
1721421369.25733,1000m,552m,1000Mi,340Mi,small
1721421372.31188,1000m,552m,1000Mi,340Mi,small
1721421375.36943,1000m,619m,1000Mi,341Mi,small
1721421378.44626,1000m,619m,1000Mi,341Mi,small
1721421382.59002,1000m,619m,1000Mi,341Mi,small
1721421385.64026,1000m,619m,1000Mi,341Mi,small
1721421388.67766,1000m,619m,1000Mi,341Mi,small
1721421391.72057,1000m,619m,1000Mi,341Mi,small
1721421394.76465,1000m,619m,1000Mi,341Mi,small
1721421397.80245,1000m,619m,1000Mi,341Mi,small
1721421401.18637,1000m,619m,1000Mi,341Mi,small
1721421404.23698,1000m,723m,1000Mi,331Mi,small
1721421407.27685,1000m,723m,1000Mi,331Mi,small
1721421410.32197,1000m,723m,1000Mi,331Mi,small
1721421413.36109,1000m,723m,1000Mi,331Mi,small
1721421416.44747,1000m,723m,1000Mi,331Mi,small
1721421419.50898,1000m,723m,1000Mi,331Mi,small
1721421422.56026,1000m,723m,1000Mi,331Mi,small
1721421425.59865,1000m,723m,1000Mi,331Mi,small
1721421428.63437,1000m,723m,1000Mi,331Mi,small
1721421431.68965,1000m,723m,1000Mi,331Mi,small
1721421434.72424,1000m,742m,1000Mi,340Mi,small
1721421437.76533,1000m,742m,1000Mi,340Mi,small
1721421440.80687,1000m,742m,1000Mi,340Mi,small
1721421443.85328,1000m,742m,1000Mi,340Mi,small
1721421446.90999,1000m,742m,1000Mi,340Mi,small
1721421449.95109,1000m,742m,1000Mi,340Mi,small
1721421452.98937,1000m,742m,1000Mi,340Mi,small
1721421456.07724,1000m,742m,1000Mi,340Mi,small
1721421459.11481,1000m,742m,1000Mi,340Mi,small
1721421462.16089,1000m,742m,1000Mi,340Mi,small
1721421465.20014,1000m,703m,1000Mi,342Mi,small
1721421468.24235,1000m,703m,1000Mi,342Mi,small
1721421471.29138,1000m,703m,1000Mi,342Mi,small
1721421474.33182,1000m,703m,1000Mi,342Mi,small
1721421477.3998,1000m,703m,1000Mi,342Mi,small
1721421480.44199,1000m,703m,1000Mi,342Mi,small
1721421483.48406,1000m,703m,1000Mi,342Mi,small
1721421486.52283,1000m,703m,1000Mi,342Mi,small
1721421489.56697,1000m,703m,1000Mi,342Mi,small
1721421492.90694,1000m,703m,1000Mi,342Mi,small
1721421495.94914,1000m,724m,1000Mi,336Mi,small
1721421498.98753,1000m,724m,1000Mi,336Mi,small
1721421502.47743,1000m,724m,1000Mi,336Mi,small
1721421505.57975,1000m,724m,1000Mi,336Mi,small
1721421509.76363,1000m,724m,1000Mi,336Mi,small
1721421514.70529,1000m,724m,1000Mi,336Mi,small
1721421526.31353,1000m,724m,1000Mi,336Mi,small
1721421529.90388,1000m,482m,1000Mi,331Mi,small
1721421533.22147,1000m,482m,1000Mi,331Mi,small
1721421536.55044,1000m,482m,1000Mi,331Mi,small
1721421539.61089,1000m,482m,1000Mi,331Mi,small
1721421543.03849,1000m,482m,1000Mi,331Mi,small
1721421546.32982,1000m,482m,1000Mi,331Mi,small
1721421550.18768,1000m,482m,1000Mi,331Mi,small
1721421558.6723,1000m,482m,1000Mi,331Mi,small
1721421562.08801,1000m,246m,1000Mi,331Mi,small
1721421565.12905,1000m,246m,1000Mi,331Mi,small
1721421568.19136,1000m,246m,1000Mi,331Mi,small
1721421571.23581,1000m,246m,1000Mi,331Mi,small
1721421574.32271,1000m,246m,1000Mi,331Mi,small
1721421577.38229,1000m,246m,1000Mi,331Mi,small
1721421580.86378,1000m,246m,1000Mi,331Mi,small
1721421583.90474,1000m,246m,1000Mi,331Mi,small
1721421586.93687,1000m,243m,1000Mi,331Mi,small
1721421590.01584,1000m,243m,1000Mi,331Mi,small
1721421593.05897,1000m,243m,1000Mi,331Mi,small
1721421596.25509,1000m,243m,1000Mi,331Mi,small
1721421599.29465,1000m,243m,1000Mi,331Mi,small
1721421602.67967,1000m,243m,1000Mi,331Mi,small
1721421605.71466,1000m,243m,1000Mi,331Mi,small
1721421608.74715,1000m,243m,1000Mi,331Mi,small
1721421611.82673,1000m,243m,1000Mi,331Mi,small
1721421614.8735,1000m,696m,1000Mi,331Mi,small
1721421617.9205,1000m,696m,1000Mi,331Mi,small
1721421620.95764,1000m,696m,1000Mi,331Mi,small
1721421623.99203,1000m,696m,1000Mi,331Mi,small
1721421627.08339,1000m,696m,1000Mi,331Mi,small
1721421630.12038,1000m,696m,1000Mi,331Mi,small
1721421633.16184,1000m,696m,1000Mi,331Mi,small
1721421636.24787,1000m,696m,1000Mi,331Mi,small
1721421639.28665,1000m,696m,1000Mi,331Mi,small
1721421642.37216,1000m,696m,1000Mi,331Mi,small
1721421645.41067,1000m,763m,1000Mi,343Mi,small
1721421648.45277,1000m,763m,1000Mi,343Mi,small
1721421651.49435,1000m,763m,1000Mi,343Mi,small
1721421654.5351,1000m,763m,1000Mi,343Mi,small
1721421657.57379,1000m,763m,1000Mi,343Mi,small
1721421660.62313,1000m,763m,1000Mi,343Mi,small
1721421663.66487,1000m,763m,1000Mi,343Mi,small
1721421666.71649,1000m,763m,1000Mi,343Mi,small
1721421669.78091,1000m,763m,1000Mi,343Mi,small
1721421672.87746,1000m,763m,1000Mi,343Mi,small
1721421675.9158,1000m,725m,1000Mi,340Mi,small
1721421678.95843,1000m,725m,1000Mi,340Mi,small
1721421682.00499,1000m,725m,1000Mi,340Mi,small
1721421685.21675,1000m,725m,1000Mi,340Mi,small
1721421688.26281,1000m,725m,1000Mi,340Mi,small
1721421691.33461,1000m,725m,1000Mi,340Mi,small
1721421694.40567,1000m,725m,1000Mi,340Mi,small
1721421697.44658,1000m,725m,1000Mi,340Mi,small
1721421700.50927,1000m,725m,1000Mi,340Mi,small
1721421703.55008,1000m,725m,1000Mi,340Mi,small
1721421706.59422,1000m,733m,1000Mi,345Mi,small
1721421709.64516,1000m,733m,1000Mi,345Mi,small
1721421712.68647,1000m,733m,1000Mi,345Mi,small
1721421715.72676,1000m,733m,1000Mi,345Mi,small
1721421718.76551,1000m,733m,1000Mi,345Mi,small
1721421721.88357,1000m,733m,1000Mi,345Mi,small
1721421724.92189,1000m,733m,1000Mi,345Mi,small
1721421727.97512,1000m,733m,1000Mi,345Mi,small
1721421731.01953,1000m,733m,1000Mi,345Mi,small
1721421734.06769,1000m,747m,1000Mi,345Mi,small
1721421737.11243,1000m,747m,1000Mi,345Mi,small
1721421740.15181,1000m,747m,1000Mi,345Mi,small
1721421743.18713,1000m,747m,1000Mi,345Mi,small
1721421746.23023,1000m,747m,1000Mi,345Mi,small
1721421749.26706,1000m,747m,1000Mi,345Mi,small
1721421752.41868,1000m,747m,1000Mi,345Mi,small
1721421755.46028,1000m,747m,1000Mi,345Mi,small
1721421758.54305,1000m,747m,1000Mi,345Mi,small
1721421761.59113,1000m,747m,1000Mi,345Mi,small
1721421764.6447,1000m,706m,1000Mi,345Mi,small
1721421767.6865,1000m,706m,1000Mi,345Mi,small
1721421770.72942,1000m,706m,1000Mi,345Mi,small
1721421773.76027,1000m,706m,1000Mi,345Mi,small
1721421776.79378,1000m,706m,1000Mi,345Mi,small
1721421779.9023,1000m,706m,1000Mi,345Mi,small
1721421782.94621,1000m,706m,1000Mi,345Mi,small
1721421786.17216,1000m,706m,1000Mi,345Mi,small
1721421789.21024,1000m,706m,1000Mi,345Mi,small
1721421792.25523,1000m,706m,1000Mi,345Mi,small
1721421795.29965,1000m,753m,1000Mi,357Mi,small
1721421798.33866,1000m,753m,1000Mi,357Mi,small
1721421801.38344,1000m,753m,1000Mi,357Mi,small
1721421804.42286,1000m,753m,1000Mi,357Mi,small
1721421807.57739,1000m,753m,1000Mi,357Mi,small
1721421810.61397,1000m,753m,1000Mi,357Mi,small
1721421813.65356,1000m,753m,1000Mi,357Mi,small
1721421816.69061,1000m,753m,1000Mi,357Mi,small
1721421819.72958,1000m,753m,1000Mi,357Mi,small
1721421822.76898,1000m,753m,1000Mi,357Mi,small
1721421825.80514,1000m,682m,1000Mi,331Mi,small
1721421828.98026,1000m,682m,1000Mi,331Mi,small
1721421832.02682,1000m,682m,1000Mi,331Mi,small
1721421835.07153,1000m,682m,1000Mi,331Mi,small
1721421838.10669,1000m,682m,1000Mi,331Mi,small
1721421841.14273,1000m,682m,1000Mi,331Mi,small
1721421844.17985,1000m,682m,1000Mi,331Mi,small
1721421847.22066,1000m,682m,1000Mi,331Mi,small
1721421850.25906,1000m,682m,1000Mi,331Mi,small
1721421853.29297,1000m,682m,1000Mi,331Mi,small
1721421856.34218,1000m,727m,1000Mi,336Mi,small
1721421859.38049,1000m,727m,1000Mi,336Mi,small
1721421862.42235,1000m,727m,1000Mi,336Mi,small
1721421865.49131,1000m,727m,1000Mi,336Mi,small
1721421868.54101,1000m,727m,1000Mi,336Mi,small
1721421871.58216,1000m,727m,1000Mi,336Mi,small
1721421874.62637,1000m,727m,1000Mi,336Mi,small
1721421877.66918,1000m,727m,1000Mi,336Mi,small
1721421880.74421,1000m,727m,1000Mi,336Mi,small
1721421883.79635,1000m,727m,1000Mi,336Mi,small
1721421886.83746,1000m,736m,1000Mi,341Mi,small
1721421889.87844,1000m,736m,1000Mi,341Mi,small
1721421892.91798,1000m,736m,1000Mi,341Mi,small
1721421895.97408,1000m,736m,1000Mi,341Mi,small
1721421899.01118,1000m,736m,1000Mi,341Mi,small
1721421902.0882,1000m,736m,1000Mi,341Mi,small
1721421905.13299,1000m,736m,1000Mi,341Mi,small
1721421908.17971,1000m,736m,1000Mi,341Mi,small
1721421911.36835,1000m,736m,1000Mi,341Mi,small
1721421914.42379,1000m,710m,1000Mi,345Mi,small
1721421917.46885,1000m,710m,1000Mi,345Mi,small
1721421920.51527,1000m,710m,1000Mi,345Mi,small
1721421923.55184,1000m,710m,1000Mi,345Mi,small
1721421926.71799,1000m,710m,1000Mi,345Mi,small
1721421929.76044,1000m,710m,1000Mi,345Mi,small
1721421932.81366,1000m,710m,1000Mi,345Mi,small
1721421935.85619,1000m,710m,1000Mi,345Mi,small
1721421938.89628,1000m,710m,1000Mi,345Mi,small
1721421941.94362,1000m,710m,1000Mi,345Mi,small
1721421944.98526,1000m,731m,1000Mi,345Mi,small
1721421948.02781,1000m,731m,1000Mi,345Mi,small
1721421951.07069,1000m,731m,1000Mi,345Mi,small
1721421954.1222,1000m,731m,1000Mi,345Mi,small
1721421957.1659,1000m,731m,1000Mi,345Mi,small
1721421960.20059,1000m,731m,1000Mi,345Mi,small
1721421963.24682,1000m,731m,1000Mi,345Mi,small
1721421966.29561,1000m,731m,1000Mi,345Mi,small
1721421969.33858,1000m,731m,1000Mi,345Mi,small
1721421972.3818,1000m,731m,1000Mi,345Mi,small
1721421975.41911,1000m,753m,1000Mi,331Mi,small
1721421978.46229,1000m,753m,1000Mi,331Mi,small
1721421981.5081,1000m,753m,1000Mi,331Mi,small
1721421984.55042,1000m,753m,1000Mi,331Mi,small
1721421987.62545,1000m,753m,1000Mi,331Mi,small
1721421990.66402,1000m,753m,1000Mi,331Mi,small
1721421993.69696,1000m,753m,1000Mi,331Mi,small
1721421996.74,1000m,753m,1000Mi,331Mi,small
1721421999.77544,1000m,753m,1000Mi,331Mi,small
1721422002.86373,1000m,753m,1000Mi,331Mi,small
1721422005.90498,1000m,727m,1000Mi,345Mi,small
1721422008.94612,1000m,727m,1000Mi,345Mi,small
1721422012.00747,1000m,727m,1000Mi,345Mi,small
1721422015.04987,1000m,727m,1000Mi,345Mi,small
1721422018.08719,1000m,727m,1000Mi,345Mi,small
1721422021.12974,1000m,727m,1000Mi,345Mi,small
1721422024.17658,1000m,727m,1000Mi,345Mi,small
1721422027.21779,1000m,727m,1000Mi,345Mi,small
1721422030.26435,1000m,727m,1000Mi,345Mi,small
1721422033.3035,1000m,727m,1000Mi,345Mi,small
1721422036.3428,1000m,728m,1000Mi,336Mi,small
1721422039.38906,1000m,728m,1000Mi,336Mi,small
1721422042.43146,1000m,728m,1000Mi,336Mi,small
1721422045.56158,1000m,728m,1000Mi,336Mi,small
1721422048.60044,1000m,728m,1000Mi,336Mi,small
1721422051.6782,1000m,728m,1000Mi,336Mi,small
1721422054.72625,1000m,728m,1000Mi,336Mi,small
1721422057.762,1000m,728m,1000Mi,336Mi,small
1721422060.7968,1000m,728m,1000Mi,336Mi,small
1721422063.87867,1000m,728m,1000Mi,336Mi,small
1721422066.92225,1000m,709m,1000Mi,345Mi,small
1721422070.08369,1000m,709m,1000Mi,345Mi,small
1721422073.12842,1000m,709m,1000Mi,345Mi,small
1721422076.40201,1000m,709m,1000Mi,345Mi,small
1721422079.47563,1000m,709m,1000Mi,345Mi,small
1721422082.54073,1000m,709m,1000Mi,345Mi,small
1721422085.58292,1000m,709m,1000Mi,345Mi,small
1721422088.65319,1000m,709m,1000Mi,345Mi,small
1721422091.69248,1000m,709m,1000Mi,345Mi,small
1721422094.7296,1000m,710m,1000Mi,331Mi,small
1721422097.7679,1000m,710m,1000Mi,331Mi,small
1721422100.8095,1000m,710m,1000Mi,331Mi,small
1721422103.84968,1000m,710m,1000Mi,331Mi,small
1721422106.97743,1000m,710m,1000Mi,331Mi,small
1721422110.03373,1000m,710m,1000Mi,331Mi,small
1721422113.07757,1000m,710m,1000Mi,331Mi,small
1721422116.11518,1000m,710m,1000Mi,331Mi,small
1721422119.15614,1000m,710m,1000Mi,331Mi,small
1721422122.58506,1000m,710m,1000Mi,331Mi,small
1721422125.67626,1000m,732m,1000Mi,345Mi,small
1721422128.72006,1000m,732m,1000Mi,345Mi,small
1721422131.75932,1000m,732m,1000Mi,345Mi,small
1721422134.79951,1000m,732m,1000Mi,345Mi,small
1721422137.87445,1000m,732m,1000Mi,345Mi,small
1721422140.91575,1000m,732m,1000Mi,345Mi,small
1721422143.95201,1000m,732m,1000Mi,345Mi,small
1721422146.99371,1000m,732m,1000Mi,345Mi,small
1721422150.04119,1000m,732m,1000Mi,345Mi,small
1721422153.07855,1000m,732m,1000Mi,345Mi,small
1721422156.11829,1000m,687m,1000Mi,345Mi,small
1721422159.15366,1000m,687m,1000Mi,345Mi,small
1721422162.47639,1000m,687m,1000Mi,345Mi,small
1721422166.23324,1000m,687m,1000Mi,345Mi,small
1721422169.28414,1000m,687m,1000Mi,345Mi,small
1721422172.34725,1000m,687m,1000Mi,345Mi,small
1721422175.38565,1000m,687m,1000Mi,345Mi,small
1721422178.44717,1000m,687m,1000Mi,345Mi,small
1721422181.53754,1000m,687m,1000Mi,345Mi,small
1721422185.00301,1000m,735m,1000Mi,345Mi,small
1721422188.04324,1000m,735m,1000Mi,345Mi,small
1721422191.08136,1000m,735m,1000Mi,345Mi,small
1721422194.1228,1000m,735m,1000Mi,345Mi,small
1721422197.16092,1000m,735m,1000Mi,345Mi,small
1721422200.19727,1000m,735m,1000Mi,345Mi,small
1721422203.2737,1000m,735m,1000Mi,345Mi,small
1721422206.67898,1000m,735m,1000Mi,345Mi,small
1721422209.72395,1000m,735m,1000Mi,345Mi,small
1721422212.77033,1000m,735m,1000Mi,345Mi,small
1721422215.80967,1000m,776m,1000Mi,340Mi,small
1721422218.85205,1000m,776m,1000Mi,340Mi,small
1721422221.89815,1000m,776m,1000Mi,340Mi,small
1721422224.9403,1000m,776m,1000Mi,340Mi,small
1721422227.9824,1000m,776m,1000Mi,340Mi,small
1721422231.019,1000m,776m,1000Mi,340Mi,small
1721422234.05663,1000m,776m,1000Mi,340Mi,small
1721422237.10086,1000m,776m,1000Mi,340Mi,small
1721422240.13999,1000m,776m,1000Mi,340Mi,small
1721422243.19433,1000m,776m,1000Mi,340Mi,small
1721422246.27208,1000m,754m,1000Mi,343Mi,small
1721422249.31445,1000m,754m,1000Mi,343Mi,small
1721422252.3572,1000m,754m,1000Mi,343Mi,small
1721422255.50873,1000m,754m,1000Mi,343Mi,small
1721422258.55604,1000m,754m,1000Mi,343Mi,small
1721422261.6036,1000m,754m,1000Mi,343Mi,small
1721422264.64694,1000m,754m,1000Mi,343Mi,small
1721422267.68602,1000m,754m,1000Mi,343Mi,small
1721422270.73247,1000m,754m,1000Mi,343Mi,small
1721422273.76919,1000m,754m,1000Mi,343Mi,small
1721422276.97707,1000m,764m,1000Mi,341Mi,small
1721422280.01117,1000m,764m,1000Mi,341Mi,small
1721422283.05507,1000m,764m,1000Mi,341Mi,small
1721422286.11069,1000m,764m,1000Mi,341Mi,small
1721422289.15322,1000m,764m,1000Mi,341Mi,small
1721422292.35148,1000m,764m,1000Mi,341Mi,small
1721422295.3887,1000m,764m,1000Mi,341Mi,small
1721422298.43215,1000m,764m,1000Mi,341Mi,small
1721422301.48234,1000m,764m,1000Mi,341Mi,small
1721422304.54755,1000m,749m,1000Mi,343Mi,small
1721422307.59412,1000m,749m,1000Mi,343Mi,small
1721422310.63379,1000m,749m,1000Mi,343Mi,small
1721422313.67938,1000m,749m,1000Mi,343Mi,small
1721422316.72433,1000m,749m,1000Mi,343Mi,small
1721422319.7628,1000m,749m,1000Mi,343Mi,small
1721422322.8763,1000m,749m,1000Mi,343Mi,small
1721422325.91194,1000m,749m,1000Mi,343Mi,small
1721422328.95256,1000m,749m,1000Mi,343Mi,small
1721422331.99163,1000m,749m,1000Mi,343Mi,small
1721422335.02944,1000m,726m,1000Mi,343Mi,small
1721422338.07592,1000m,726m,1000Mi,343Mi,small
1721422341.11159,1000m,726m,1000Mi,343Mi,small
1721422344.14763,1000m,726m,1000Mi,343Mi,small
1721422347.19329,1000m,726m,1000Mi,343Mi,small
1721422350.22681,1000m,726m,1000Mi,343Mi,small
1721422353.26937,1000m,726m,1000Mi,343Mi,small
1721422356.38101,1000m,726m,1000Mi,343Mi,small
1721422359.42262,1000m,726m,1000Mi,343Mi,small
1721422362.46004,1000m,726m,1000Mi,343Mi,small
1721422365.50195,1000m,739m,1000Mi,331Mi,small
1721422368.58033,1000m,739m,1000Mi,331Mi,small
1721422371.62694,1000m,739m,1000Mi,331Mi,small
1721422374.6687,1000m,739m,1000Mi,331Mi,small
1721422377.71487,1000m,739m,1000Mi,331Mi,small
1721422380.76048,1000m,739m,1000Mi,331Mi,small
1721422383.79466,1000m,739m,1000Mi,331Mi,small
1721422386.96306,1000m,739m,1000Mi,331Mi,small
1721422390.05055,1000m,739m,1000Mi,331Mi,small
1721422393.12532,1000m,739m,1000Mi,331Mi,small
1721422396.16397,1000m,660m,1000Mi,331Mi,small
1721422399.20668,1000m,660m,1000Mi,331Mi,small
1721422402.27443,1000m,660m,1000Mi,331Mi,small
1721422405.4716,1000m,660m,1000Mi,331Mi,small
1721422408.50784,1000m,660m,1000Mi,331Mi,small
1721422411.54904,1000m,660m,1000Mi,331Mi,small
1721422414.58303,1000m,660m,1000Mi,331Mi,small
1721422417.63267,1000m,660m,1000Mi,331Mi,small
1721422420.68156,1000m,660m,1000Mi,331Mi,small
1721422423.73175,1000m,660m,1000Mi,331Mi,small
1721422426.77544,1000m,743m,1000Mi,343Mi,small
1721422429.82228,1000m,743m,1000Mi,343Mi,small
1721422432.85816,1000m,743m,1000Mi,343Mi,small
1721422435.90067,1000m,743m,1000Mi,343Mi,small
1721422438.93529,1000m,743m,1000Mi,343Mi,small
1721422442.00331,1000m,743m,1000Mi,343Mi,small
1721422445.04758,1000m,743m,1000Mi,343Mi,small
1721422448.0891,1000m,743m,1000Mi,343Mi,small
1721422451.37681,1000m,743m,1000Mi,343Mi,small
1721422454.41996,1000m,754m,1000Mi,343Mi,small
1721422457.45086,1000m,754m,1000Mi,343Mi,small
1721422460.48761,1000m,754m,1000Mi,343Mi,small
1721422463.5267,1000m,754m,1000Mi,343Mi,small
1721422466.59556,1000m,754m,1000Mi,343Mi,small
1721422469.63851,1000m,754m,1000Mi,343Mi,small
1721422472.77408,1000m,754m,1000Mi,343Mi,small
1721422475.82025,1000m,754m,1000Mi,343Mi,small
1721422478.87147,1000m,754m,1000Mi,343Mi,small
1721422481.91831,1000m,754m,1000Mi,343Mi,small
1721422484.95714,1000m,768m,1000Mi,341Mi,small
1721422487.99598,1000m,768m,1000Mi,341Mi,small
1721422491.41041,1000m,768m,1000Mi,341Mi,small
1721422494.46413,1000m,768m,1000Mi,341Mi,small
1721422497.52139,1000m,768m,1000Mi,341Mi,small
1721422500.56362,1000m,768m,1000Mi,341Mi,small
1721422503.6029,1000m,768m,1000Mi,341Mi,small
1721422506.64693,1000m,768m,1000Mi,341Mi,small
1721422509.68728,1000m,768m,1000Mi,341Mi,small
1721422512.7203,1000m,768m,1000Mi,341Mi,small
1721422515.75888,1000m,730m,1000Mi,331Mi,small
1721422518.81203,1000m,730m,1000Mi,331Mi,small
1721422521.84601,1000m,730m,1000Mi,331Mi,small
1721422524.88218,1000m,730m,1000Mi,331Mi,small
1721422527.93488,1000m,730m,1000Mi,331Mi,small
1721422530.97939,1000m,730m,1000Mi,331Mi,small
1721422534.0147,1000m,730m,1000Mi,331Mi,small
1721422537.0526,1000m,730m,1000Mi,331Mi,small
1721422540.17816,1000m,730m,1000Mi,331Mi,small
1721422543.2191,1000m,730m,1000Mi,331Mi,small
1721422546.28573,1000m,753m,1000Mi,343Mi,small
1721422549.32731,1000m,753m,1000Mi,343Mi,small
1721422552.38476,1000m,753m,1000Mi,343Mi,small
1721422555.52132,1000m,753m,1000Mi,343Mi,small
1721422558.58803,1000m,753m,1000Mi,343Mi,small
1721422561.63195,1000m,753m,1000Mi,343Mi,small
1721422564.68558,1000m,753m,1000Mi,343Mi,small
1721422567.72495,1000m,753m,1000Mi,343Mi,small
1721422570.79416,1000m,753m,1000Mi,343Mi,small
1721422573.83834,1000m,753m,1000Mi,343Mi,small
1721422576.87724,1000m,702m,1000Mi,332Mi,small
1721422579.91232,1000m,702m,1000Mi,332Mi,small
1721422582.95229,1000m,702m,1000Mi,332Mi,small
1721422585.99662,1000m,702m,1000Mi,332Mi,small
1721422589.04506,1000m,702m,1000Mi,332Mi,small
1721422592.47343,1000m,702m,1000Mi,332Mi,small
1721422595.51554,1000m,702m,1000Mi,332Mi,small
1721422598.56341,1000m,702m,1000Mi,332Mi,small
1721422601.64221,1000m,702m,1000Mi,332Mi,small
1721422604.68067,1000m,708m,1000Mi,357Mi,small
1721422607.72243,1000m,708m,1000Mi,357Mi,small
1721422610.75537,1000m,708m,1000Mi,357Mi,small
1721422613.80047,1000m,708m,1000Mi,357Mi,small
1721422616.86708,1000m,708m,1000Mi,357Mi,small
1721422619.97266,1000m,708m,1000Mi,357Mi,small
1721422623.07973,1000m,708m,1000Mi,357Mi,small
1721422626.11835,1000m,708m,1000Mi,357Mi,small
1721422629.16182,1000m,708m,1000Mi,357Mi,small
1721422632.20526,1000m,708m,1000Mi,357Mi,small
1721422635.27672,1000m,748m,1000Mi,336Mi,small
1721422638.31343,1000m,748m,1000Mi,336Mi,small
1721422641.52887,1000m,748m,1000Mi,336Mi,small
1721422644.87757,1000m,748m,1000Mi,336Mi,small
1721422647.94763,1000m,748m,1000Mi,336Mi,small
1721422650.99167,1000m,748m,1000Mi,336Mi,small
1721422654.02841,1000m,748m,1000Mi,336Mi,small
1721422657.07436,1000m,748m,1000Mi,336Mi,small
1721422660.11698,1000m,748m,1000Mi,336Mi,small
1721422663.14912,1000m,748m,1000Mi,336Mi,small
1721422666.29658,1000m,677m,1000Mi,332Mi,small
1721422669.34145,1000m,677m,1000Mi,332Mi,small
1721422672.37764,1000m,677m,1000Mi,332Mi,small
1721422675.50343,1000m,677m,1000Mi,332Mi,small
1721422678.67395,1000m,677m,1000Mi,332Mi,small
1721422681.71283,1000m,677m,1000Mi,332Mi,small
1721422684.75086,1000m,677m,1000Mi,332Mi,small
1721422687.79394,1000m,677m,1000Mi,332Mi,small
1721422690.84397,1000m,677m,1000Mi,332Mi,small
1721422693.88735,1000m,677m,1000Mi,332Mi,small
1721422696.97719,1000m,748m,1000Mi,343Mi,small
1721422700.01065,1000m,748m,1000Mi,343Mi,small
1721422703.05146,1000m,748m,1000Mi,343Mi,small
1721422706.10355,1000m,748m,1000Mi,343Mi,small
1721422709.14407,1000m,748m,1000Mi,343Mi,small
1721422712.18393,1000m,748m,1000Mi,343Mi,small
1721422715.22401,1000m,748m,1000Mi,343Mi,small
1721422718.27519,1000m,748m,1000Mi,343Mi,small
1721422721.40121,1000m,748m,1000Mi,343Mi,small
1721422724.43684,1000m,757m,1000Mi,343Mi,small
1721422727.49184,1000m,757m,1000Mi,343Mi,small
1721422730.53249,1000m,757m,1000Mi,343Mi,small
1721422733.57118,1000m,757m,1000Mi,343Mi,small
1721422736.61064,1000m,757m,1000Mi,343Mi,small
1721422739.65357,1000m,757m,1000Mi,343Mi,small
1721422742.78495,1000m,757m,1000Mi,343Mi,small
1721422745.88759,1000m,757m,1000Mi,343Mi,small
1721422748.92705,1000m,757m,1000Mi,343Mi,small
1721422751.96544,1000m,757m,1000Mi,343Mi,small
1721422755.00786,1000m,713m,1000Mi,343Mi,small
1721422758.05495,1000m,713m,1000Mi,343Mi,small
1721422761.09299,1000m,713m,1000Mi,343Mi,small
1721422764.13002,1000m,713m,1000Mi,343Mi,small
1721422767.17284,1000m,713m,1000Mi,343Mi,small
1721422770.20963,1000m,713m,1000Mi,343Mi,small
1721422773.25038,1000m,713m,1000Mi,343Mi,small
1721422776.30674,1000m,713m,1000Mi,343Mi,small
1721422779.37312,1000m,713m,1000Mi,343Mi,small
1721422782.41128,1000m,713m,1000Mi,343Mi,small
1721422785.45091,1000m,745m,1000Mi,332Mi,small
1721422788.48596,1000m,745m,1000Mi,332Mi,small
1721422791.52957,1000m,745m,1000Mi,332Mi,small
1721422794.56733,1000m,745m,1000Mi,332Mi,small
1721422797.61498,1000m,745m,1000Mi,332Mi,small
1721422800.65476,1000m,745m,1000Mi,332Mi,small
1721422803.69384,1000m,745m,1000Mi,332Mi,small
1721422806.74337,1000m,745m,1000Mi,332Mi,small
1721422809.78046,1000m,745m,1000Mi,332Mi,small
1721422812.81402,1000m,745m,1000Mi,332Mi,small
1721422815.84952,1000m,707m,1000Mi,331Mi,small
1721422818.88758,1000m,707m,1000Mi,331Mi,small
1721422821.92187,1000m,707m,1000Mi,331Mi,small
1721422824.9677,1000m,707m,1000Mi,331Mi,small
1721422828.01216,1000m,707m,1000Mi,331Mi,small
1721422831.05466,1000m,707m,1000Mi,331Mi,small
1721422834.09465,1000m,707m,1000Mi,331Mi,small
1721422837.13415,1000m,707m,1000Mi,331Mi,small
1721422840.17058,1000m,707m,1000Mi,331Mi,small
1721422843.21447,1000m,707m,1000Mi,331Mi,small
1721422846.25185,1000m,747m,1000Mi,331Mi,small
1721422849.36417,1000m,747m,1000Mi,331Mi,small
1721422852.46753,1000m,747m,1000Mi,331Mi,small
1721422855.56271,1000m,747m,1000Mi,331Mi,small
1721422858.60671,1000m,747m,1000Mi,331Mi,small
1721422861.6508,1000m,747m,1000Mi,331Mi,small
1721422864.69093,1000m,747m,1000Mi,331Mi,small
1721422867.78332,1000m,747m,1000Mi,331Mi,small
1721422870.8229,1000m,747m,1000Mi,331Mi,small
1721422873.90118,1000m,747m,1000Mi,331Mi,small
1721422876.94245,1000m,729m,1000Mi,343Mi,small
1721422880.00991,1000m,729m,1000Mi,343Mi,small
1721422883.39971,1000m,729m,1000Mi,343Mi,small
1721422886.44218,1000m,729m,1000Mi,343Mi,small
1721422889.47978,1000m,729m,1000Mi,343Mi,small
1721422892.52755,1000m,729m,1000Mi,343Mi,small
1721422895.56701,1000m,729m,1000Mi,343Mi,small
1721422899.41708,1000m,729m,1000Mi,343Mi,small
1721422902.45628,1000m,729m,1000Mi,343Mi,small
1721422905.61296,1000m,537m,1000Mi,343Mi,small
1721422908.97324,1000m,537m,1000Mi,343Mi,small
1721422912.04903,1000m,537m,1000Mi,343Mi,small
1721422915.08542,1000m,537m,1000Mi,343Mi,small
1721422918.1309,1000m,537m,1000Mi,343Mi,small
1721422921.30719,1000m,537m,1000Mi,343Mi,small
1721422924.34526,1000m,537m,1000Mi,343Mi,small
1721422927.3767,1000m,537m,1000Mi,343Mi,small
1721422930.45657,1000m,537m,1000Mi,343Mi,small
1721422933.5,1000m,537m,1000Mi,343Mi,small
1721422936.55696,1000m,595m,1000Mi,332Mi,small
1721422939.59591,1000m,595m,1000Mi,332Mi,small
1721422942.69733,1000m,595m,1000Mi,332Mi,small
1721422945.80657,1000m,595m,1000Mi,332Mi,small
1721422948.84602,1000m,595m,1000Mi,332Mi,small
1721422951.8842,1000m,595m,1000Mi,332Mi,small
1721422955.18245,1000m,595m,1000Mi,332Mi,small
1721422958.25275,1000m,595m,1000Mi,332Mi,small
1721422961.41937,1000m,595m,1000Mi,332Mi,small
1721422964.45358,1000m,629m,1000Mi,331Mi,small
1721422967.57948,1000m,629m,1000Mi,331Mi,small
1721422970.62184,1000m,629m,1000Mi,331Mi,small
1721422973.6634,1000m,629m,1000Mi,331Mi,small
1721422976.84016,1000m,629m,1000Mi,331Mi,small
1721422979.88509,1000m,629m,1000Mi,331Mi,small
1721422983.45676,1000m,629m,1000Mi,331Mi,small
1721422986.57456,1000m,629m,1000Mi,331Mi,small
1721422989.61106,1000m,629m,1000Mi,331Mi,small
1721422992.683,1000m,629m,1000Mi,331Mi,small
1721422996.04693,1000m,623m,1000Mi,345Mi,small
1721422999.58013,1000m,623m,1000Mi,345Mi,small
1721423002.62507,1000m,623m,1000Mi,345Mi,small
1721423005.67423,1000m,623m,1000Mi,345Mi,small
1721423008.77875,1000m,623m,1000Mi,345Mi,small
1721423011.81928,1000m,623m,1000Mi,345Mi,small
1721423014.88124,1000m,623m,1000Mi,345Mi,small
1721423017.92463,1000m,623m,1000Mi,345Mi,small
1721423021.13202,1000m,623m,1000Mi,345Mi,small
1721423024.17219,1000m,714m,1000Mi,343Mi,small
1721423027.21001,1000m,714m,1000Mi,343Mi,small
1721423030.26594,1000m,714m,1000Mi,343Mi,small
1721423033.30818,1000m,714m,1000Mi,343Mi,small
1721423036.81747,1000m,714m,1000Mi,343Mi,small
1721423039.86569,1000m,714m,1000Mi,343Mi,small
1721423042.90158,1000m,714m,1000Mi,343Mi,small
1721423045.96339,1000m,714m,1000Mi,343Mi,small
1721423049.00315,1000m,714m,1000Mi,343Mi,small
1721423052.06867,1000m,714m,1000Mi,343Mi,small
1721423055.18062,1000m,496m,1000Mi,331Mi,small
1721423058.27509,1000m,496m,1000Mi,331Mi,small
1721423066.52661,1000m,496m,1000Mi,331Mi,small
1721423069.60492,1000m,496m,1000Mi,331Mi,small
1721423072.78832,1000m,496m,1000Mi,331Mi,small
1721423075.82459,1000m,496m,1000Mi,331Mi,small
1721423078.86172,1000m,496m,1000Mi,331Mi,small
1721423081.94299,1000m,496m,1000Mi,331Mi,small
1721423084.98395,1000m,522m,1000Mi,331Mi,small
1721423088.02187,1000m,522m,1000Mi,331Mi,small
1721423091.06003,1000m,522m,1000Mi,331Mi,small
1721423094.17738,1000m,522m,1000Mi,331Mi,small
1721423097.21646,1000m,522m,1000Mi,331Mi,small
1721423100.25652,1000m,522m,1000Mi,331Mi,small
1721423103.29695,1000m,522m,1000Mi,331Mi,small
1721423106.38042,1000m,522m,1000Mi,331Mi,small
1721423109.42206,1000m,522m,1000Mi,331Mi,small
1721423112.4667,1000m,522m,1000Mi,331Mi,small
1721423115.50661,1000m,753m,1000Mi,332Mi,small
1721423118.60444,1000m,753m,1000Mi,332Mi,small
1721423121.63782,1000m,753m,1000Mi,332Mi,small
1721423124.67484,1000m,753m,1000Mi,332Mi,small
1721423127.84849,1000m,753m,1000Mi,332Mi,small
1721423130.89292,1000m,753m,1000Mi,332Mi,small
1721423133.93537,1000m,753m,1000Mi,332Mi,small
1721423136.97676,1000m,753m,1000Mi,332Mi,small
1721423140.01856,1000m,753m,1000Mi,332Mi,small
1721423143.05809,1000m,753m,1000Mi,332Mi,small
1721423146.09465,1000m,658m,1000Mi,331Mi,small
1721423149.13753,1000m,658m,1000Mi,331Mi,small
1721423152.17747,1000m,658m,1000Mi,331Mi,small
1721423155.28728,1000m,658m,1000Mi,331Mi,small
1721423158.44268,1000m,658m,1000Mi,331Mi,small
1721423161.48058,1000m,658m,1000Mi,331Mi,small
1721423164.52462,1000m,658m,1000Mi,331Mi,small
1721423167.57452,1000m,658m,1000Mi,331Mi,small
1721423170.65809,1000m,658m,1000Mi,331Mi,small
1721423173.7067,1000m,658m,1000Mi,331Mi,small
1721423176.75262,1000m,729m,1000Mi,343Mi,small
1721423179.88079,1000m,729m,1000Mi,343Mi,small
1721423182.91914,1000m,729m,1000Mi,343Mi,small
1721423185.97142,1000m,729m,1000Mi,343Mi,small
1721423189.01398,1000m,729m,1000Mi,343Mi,small
1721423192.10998,1000m,729m,1000Mi,343Mi,small
1721423195.14689,1000m,729m,1000Mi,343Mi,small
1721423198.20145,1000m,729m,1000Mi,343Mi,small
1721423201.29864,1000m,729m,1000Mi,343Mi,small
1721423204.33952,1000m,745m,1000Mi,357Mi,small
1721423207.3863,1000m,745m,1000Mi,357Mi,small
1721423210.42383,1000m,745m,1000Mi,357Mi,small
1721423213.46348,1000m,745m,1000Mi,357Mi,small
1721423216.51458,1000m,745m,1000Mi,357Mi,small
1721423219.5711,1000m,745m,1000Mi,357Mi,small
1721423222.88332,1000m,745m,1000Mi,357Mi,small
1721423226.00238,1000m,745m,1000Mi,357Mi,small
1721423229.26993,1000m,745m,1000Mi,357Mi,small
1721423232.31619,1000m,745m,1000Mi,357Mi,small
1721423235.35462,1000m,732m,1000Mi,343Mi,small
1721423238.39462,1000m,732m,1000Mi,343Mi,small
1721423241.50422,1000m,732m,1000Mi,343Mi,small
1721423244.55589,1000m,732m,1000Mi,343Mi,small
1721423247.60286,1000m,732m,1000Mi,343Mi,small
1721423250.64162,1000m,732m,1000Mi,343Mi,small
1721423253.69217,1000m,732m,1000Mi,343Mi,small
1721423256.72631,1000m,732m,1000Mi,343Mi,small
1721423259.77347,1000m,732m,1000Mi,343Mi,small
1721423262.81218,1000m,732m,1000Mi,343Mi,small
1721423265.85532,1000m,734m,1000Mi,343Mi,small
1721423268.89945,1000m,734m,1000Mi,343Mi,small
1721423271.93839,1000m,734m,1000Mi,343Mi,small
1721423274.98143,1000m,734m,1000Mi,343Mi,small
1721423278.02011,1000m,734m,1000Mi,343Mi,small
1721423281.0664,1000m,734m,1000Mi,343Mi,small
1721423284.10997,1000m,734m,1000Mi,343Mi,small
1721423287.15497,1000m,734m,1000Mi,343Mi,small
1721423290.20045,1000m,734m,1000Mi,343Mi,small
1721423293.39285,1000m,734m,1000Mi,343Mi,small
1721423296.43026,1000m,727m,1000Mi,357Mi,small
1721423299.47214,1000m,727m,1000Mi,357Mi,small
1721423302.52596,1000m,727m,1000Mi,357Mi,small
1721423305.60481,1000m,727m,1000Mi,357Mi,small
1721423308.64272,1000m,727m,1000Mi,357Mi,small
1721423311.68636,1000m,727m,1000Mi,357Mi,small
1721423314.78219,1000m,727m,1000Mi,357Mi,small
1721423317.82915,1000m,727m,1000Mi,357Mi,small
1721423320.86723,1000m,727m,1000Mi,357Mi,small
1721423323.98419,1000m,727m,1000Mi,357Mi,small
1721423327.03893,1000m,760m,1000Mi,343Mi,small
1721423330.08436,1000m,760m,1000Mi,343Mi,small
1721423333.12657,1000m,760m,1000Mi,343Mi,small
1721423336.3213,1000m,760m,1000Mi,343Mi,small
1721423339.36517,1000m,760m,1000Mi,343Mi,small
1721423342.39943,1000m,760m,1000Mi,343Mi,small
1721423345.44428,1000m,760m,1000Mi,343Mi,small
1721423348.48599,1000m,760m,1000Mi,343Mi,small
1721423351.61091,1000m,760m,1000Mi,343Mi,small
1721423354.65786,1000m,731m,1000Mi,345Mi,small
1721423357.70169,1000m,731m,1000Mi,345Mi,small
1721423360.74286,1000m,731m,1000Mi,345Mi,small
1721423363.84844,1000m,731m,1000Mi,345Mi,small
1721423366.91731,1000m,731m,1000Mi,345Mi,small
1721423369.95174,1000m,731m,1000Mi,345Mi,small
1721423373.00659,1000m,731m,1000Mi,345Mi,small
1721423376.05824,1000m,731m,1000Mi,345Mi,small
1721423379.09757,1000m,731m,1000Mi,345Mi,small
1721423382.14004,1000m,731m,1000Mi,345Mi,small
1721423385.18005,1000m,712m,1000Mi,335Mi,small
1721423388.28911,1000m,712m,1000Mi,335Mi,small
1721423391.32464,1000m,712m,1000Mi,335Mi,small
1721423394.38077,1000m,712m,1000Mi,335Mi,small
1721423397.43175,1000m,712m,1000Mi,335Mi,small
1721423400.48126,1000m,712m,1000Mi,335Mi,small
1721423403.51751,1000m,712m,1000Mi,335Mi,small
1721423406.55496,1000m,712m,1000Mi,335Mi,small
1721423409.59203,1000m,712m,1000Mi,335Mi,small
1721423412.63669,1000m,712m,1000Mi,335Mi,small
1721423415.67766,1000m,760m,1000Mi,339Mi,small
1721423418.71634,1000m,760m,1000Mi,339Mi,small
1721423421.75823,1000m,760m,1000Mi,339Mi,small
1721423424.80504,1000m,760m,1000Mi,339Mi,small
1721423427.85158,1000m,760m,1000Mi,339Mi,small
1721423430.97919,1000m,760m,1000Mi,339Mi,small
1721423434.01839,1000m,760m,1000Mi,339Mi,small
1721423437.06089,1000m,760m,1000Mi,339Mi,small
1721423440.10813,1000m,760m,1000Mi,339Mi,small
1721423443.1413,1000m,760m,1000Mi,339Mi,small
1721423446.18096,1000m,761m,1000Mi,340Mi,small
1721423449.28585,1000m,761m,1000Mi,340Mi,small
1721423452.33251,1000m,761m,1000Mi,340Mi,small
1721423455.54077,1000m,761m,1000Mi,340Mi,small
1721423458.58539,1000m,761m,1000Mi,340Mi,small
1721423461.64535,1000m,761m,1000Mi,340Mi,small
1721423464.68322,1000m,761m,1000Mi,340Mi,small
1721423467.72908,1000m,761m,1000Mi,340Mi,small
1721423470.77064,1000m,761m,1000Mi,340Mi,small
1721423473.81762,1000m,761m,1000Mi,340Mi,small
1721423476.87846,1000m,719m,1000Mi,331Mi,small
1721423480.13777,1000m,719m,1000Mi,331Mi,small
1721423483.1808,1000m,719m,1000Mi,331Mi,small
1721423486.29905,1000m,719m,1000Mi,331Mi,small
1721423489.33704,1000m,719m,1000Mi,331Mi,small
1721423492.43116,1000m,719m,1000Mi,331Mi,small
1721423495.4733,1000m,719m,1000Mi,331Mi,small
1721423498.5135,1000m,719m,1000Mi,331Mi,small
1721423501.56511,1000m,719m,1000Mi,331Mi,small
1721423504.61979,1000m,747m,1000Mi,343Mi,small
1721423507.66573,1000m,747m,1000Mi,343Mi,small
1721423511.05907,1000m,747m,1000Mi,343Mi,small
1721423514.10257,1000m,747m,1000Mi,343Mi,small
1721423517.14396,1000m,747m,1000Mi,343Mi,small
1721423520.18492,1000m,747m,1000Mi,343Mi,small
1721423523.28166,1000m,747m,1000Mi,343Mi,small
1721423526.3238,1000m,747m,1000Mi,343Mi,small
1721423529.36723,1000m,747m,1000Mi,343Mi,small
1721423532.62286,1000m,747m,1000Mi,343Mi,small
1721423535.66589,1000m,721m,1000Mi,338Mi,small
1721423538.7109,1000m,721m,1000Mi,338Mi,small
1721423541.75557,1000m,721m,1000Mi,338Mi,small
1721423544.80073,1000m,721m,1000Mi,338Mi,small
1721423547.86126,1000m,721m,1000Mi,338Mi,small
1721423550.90433,1000m,721m,1000Mi,338Mi,small
1721423553.97066,1000m,721m,1000Mi,338Mi,small
1721423557.33267,1000m,721m,1000Mi,338Mi,small
1721423560.49864,1000m,721m,1000Mi,338Mi,small
1721423563.53787,1000m,721m,1000Mi,338Mi,small
1721423566.58731,1000m,765m,1000Mi,332Mi,small
1721423569.63005,1000m,765m,1000Mi,332Mi,small
1721423572.67758,1000m,765m,1000Mi,332Mi,small
1721423575.72087,1000m,765m,1000Mi,332Mi,small
1721423578.75929,1000m,765m,1000Mi,332Mi,small
1721423581.79475,1000m,765m,1000Mi,332Mi,small
1721423584.83638,1000m,765m,1000Mi,332Mi,small
1721423587.87837,1000m,765m,1000Mi,332Mi,small
1721423590.92502,1000m,765m,1000Mi,332Mi,small
1721423593.97032,1000m,722m,1000Mi,343Mi,small
1721423597.20699,1000m,722m,1000Mi,343Mi,small
1721423600.24632,1000m,722m,1000Mi,343Mi,small
1721423603.28355,1000m,722m,1000Mi,343Mi,small
1721423606.32697,1000m,722m,1000Mi,343Mi,small
1721423609.37469,1000m,722m,1000Mi,343Mi,small
1721423612.46727,1000m,722m,1000Mi,343Mi,small
1721423615.50567,1000m,722m,1000Mi,343Mi,small
1721423618.5629,1000m,722m,1000Mi,343Mi,small
1721423621.61632,1000m,722m,1000Mi,343Mi,small
1721423624.71564,1000m,725m,1000Mi,332Mi,small
1721423627.75746,1000m,725m,1000Mi,332Mi,small
1721423630.79896,1000m,725m,1000Mi,332Mi,small
1721423633.84335,1000m,725m,1000Mi,332Mi,small
1721423636.90905,1000m,725m,1000Mi,332Mi,small
1721423639.94508,1000m,725m,1000Mi,332Mi,small
1721423642.97748,1000m,725m,1000Mi,332Mi,small
1721423646.17493,1000m,725m,1000Mi,332Mi,small
1721423649.22305,1000m,725m,1000Mi,332Mi,small
1721423652.26625,1000m,725m,1000Mi,332Mi,small
1721423655.30381,1000m,728m,1000Mi,357Mi,small
1721423658.34908,1000m,728m,1000Mi,357Mi,small
1721423661.39823,1000m,728m,1000Mi,357Mi,small
1721423664.44161,1000m,728m,1000Mi,357Mi,small
1721423667.49469,1000m,728m,1000Mi,357Mi,small
1721423670.53895,1000m,728m,1000Mi,357Mi,small
1721423673.57809,1000m,728m,1000Mi,357Mi,small
1721423676.62042,1000m,728m,1000Mi,357Mi,small
1721423679.66395,1000m,728m,1000Mi,357Mi,small
1721423682.70549,1000m,728m,1000Mi,357Mi,small
1721423685.78204,1000m,767m,1000Mi,343Mi,small
1721423688.8183,1000m,767m,1000Mi,343Mi,small
1721423691.862,1000m,767m,1000Mi,343Mi,small
1721423694.90461,1000m,767m,1000Mi,343Mi,small
1721423697.95223,1000m,767m,1000Mi,343Mi,small
1721423700.98987,1000m,767m,1000Mi,343Mi,small
1721423704.03416,1000m,767m,1000Mi,343Mi,small
1721423707.07624,1000m,767m,1000Mi,343Mi,small
1721423710.19556,1000m,767m,1000Mi,343Mi,small
1721423713.23622,1000m,767m,1000Mi,343Mi,small
1721423716.27828,1000m,738m,1000Mi,343Mi,small
1721423719.32382,1000m,738m,1000Mi,343Mi,small
1721423722.38285,1000m,738m,1000Mi,343Mi,small
1721423725.45468,1000m,738m,1000Mi,343Mi,small
1721423728.49075,1000m,738m,1000Mi,343Mi,small
1721423731.53513,1000m,738m,1000Mi,343Mi,small
1721423734.63814,1000m,738m,1000Mi,343Mi,small
1721423737.67897,1000m,738m,1000Mi,343Mi,small
1721423740.72647,1000m,738m,1000Mi,343Mi,small
1721423743.76212,1000m,738m,1000Mi,343Mi,small
1721423746.81484,1000m,657m,1000Mi,343Mi,small
1721423749.85912,1000m,657m,1000Mi,343Mi,small
1721423752.90197,1000m,657m,1000Mi,343Mi,small
1721423755.94224,1000m,657m,1000Mi,343Mi,small
1721423758.99394,1000m,657m,1000Mi,343Mi,small
1721423762.05323,1000m,657m,1000Mi,343Mi,small
1721423765.09835,1000m,657m,1000Mi,343Mi,small
1721423768.14419,1000m,657m,1000Mi,343Mi,small
1721423771.47285,1000m,657m,1000Mi,343Mi,small
1721423774.51602,1000m,687m,1000Mi,341Mi,small
1721423777.5836,1000m,687m,1000Mi,341Mi,small
1721423780.63347,1000m,687m,1000Mi,341Mi,small
1721423783.67819,1000m,687m,1000Mi,341Mi,small
1721423786.73994,1000m,687m,1000Mi,341Mi,small
1721423789.78388,1000m,687m,1000Mi,341Mi,small
1721423793.18095,1000m,687m,1000Mi,341Mi,small
1721423796.28489,1000m,687m,1000Mi,341Mi,small
1721423799.32486,1000m,687m,1000Mi,341Mi,small
1721423802.38494,1000m,687m,1000Mi,341Mi,small
1721423805.43229,1000m,519m,1000Mi,343Mi,small
1721423808.47428,1000m,519m,1000Mi,343Mi,small
1721423811.5241,1000m,519m,1000Mi,343Mi,small
1721423814.5664,1000m,519m,1000Mi,343Mi,small
1721423817.61028,1000m,519m,1000Mi,343Mi,small
1721423820.6558,1000m,519m,1000Mi,343Mi,small
1721423823.69134,1000m,519m,1000Mi,343Mi,small
1721423826.73151,1000m,519m,1000Mi,343Mi,small
1721423829.76527,1000m,519m,1000Mi,343Mi,small
1721423832.80848,1000m,519m,1000Mi,343Mi,small
1721423835.84922,1000m,725m,1000Mi,345Mi,small
1721423838.89006,1000m,725m,1000Mi,345Mi,small
1721423841.93934,1000m,725m,1000Mi,345Mi,small
1721423844.99266,1000m,725m,1000Mi,345Mi,small
1721423848.05699,1000m,725m,1000Mi,345Mi,small
1721423851.09818,1000m,725m,1000Mi,345Mi,small
1721423854.14191,1000m,725m,1000Mi,345Mi,small
1721423857.28383,1000m,725m,1000Mi,345Mi,small
1721423860.41981,1000m,725m,1000Mi,345Mi,small
1721423863.53769,1000m,725m,1000Mi,345Mi,small
1721423866.57677,1000m,717m,1000Mi,343Mi,small
1721423869.61709,1000m,717m,1000Mi,343Mi,small
1721423872.64932,1000m,717m,1000Mi,343Mi,small
1721423875.7119,1000m,717m,1000Mi,343Mi,small
1721423878.75256,1000m,717m,1000Mi,343Mi,small
1721423881.79106,1000m,717m,1000Mi,343Mi,small
1721423884.83502,1000m,717m,1000Mi,343Mi,small
1721423887.88341,1000m,717m,1000Mi,343Mi,small
1721423890.92272,1000m,717m,1000Mi,343Mi,small
1721423893.96549,1000m,723m,1000Mi,332Mi,small
1721423897.00277,1000m,723m,1000Mi,332Mi,small
1721423900.10579,1000m,723m,1000Mi,332Mi,small
1721423903.16073,1000m,723m,1000Mi,332Mi,small
1721423906.20404,1000m,723m,1000Mi,332Mi,small
1721423909.2365,1000m,723m,1000Mi,332Mi,small
1721423912.29045,1000m,723m,1000Mi,332Mi,small
1721423915.33039,1000m,723m,1000Mi,332Mi,small
1721423918.3699,1000m,723m,1000Mi,332Mi,small
1721423921.43082,1000m,723m,1000Mi,332Mi,small
1721423924.47147,1000m,717m,1000Mi,343Mi,small
1721423927.51142,1000m,717m,1000Mi,343Mi,small
1721423930.58247,1000m,717m,1000Mi,343Mi,small
1721423933.62339,1000m,717m,1000Mi,343Mi,small
1721423936.67585,1000m,717m,1000Mi,343Mi,small
1721423939.72547,1000m,717m,1000Mi,343Mi,small
1721423942.7846,1000m,717m,1000Mi,343Mi,small
1721423945.82377,1000m,717m,1000Mi,343Mi,small
1721423948.86484,1000m,717m,1000Mi,343Mi,small
1721423951.90437,1000m,717m,1000Mi,343Mi,small
1721423954.93901,1000m,743m,1000Mi,343Mi,small
1721423958.04771,1000m,743m,1000Mi,343Mi,small
1721423961.09452,1000m,743m,1000Mi,343Mi,small
1721423964.13299,1000m,743m,1000Mi,343Mi,small
1721423967.17644,1000m,743m,1000Mi,343Mi,small
1721423970.21657,1000m,743m,1000Mi,343Mi,small
1721423973.26609,1000m,743m,1000Mi,343Mi,small
1721423976.31287,1000m,743m,1000Mi,343Mi,small
1721423979.3541,1000m,743m,1000Mi,343Mi,small
1721423982.39473,1000m,743m,1000Mi,343Mi,small
1721423985.49232,1000m,752m,1000Mi,343Mi,small
1721423988.53548,1000m,752m,1000Mi,343Mi,small
1721423991.57917,1000m,752m,1000Mi,343Mi,small
1721423994.68576,1000m,752m,1000Mi,343Mi,small
1721423997.74023,1000m,752m,1000Mi,343Mi,small
1721424000.77654,1000m,752m,1000Mi,343Mi,small
1721424003.81837,1000m,752m,1000Mi,343Mi,small
1721424006.86392,1000m,752m,1000Mi,343Mi,small
1721424009.90749,1000m,752m,1000Mi,343Mi,small
1721424012.95086,1000m,752m,1000Mi,343Mi,small
1721424016.08843,1000m,754m,1000Mi,340Mi,small
1721424019.13227,1000m,754m,1000Mi,340Mi,small
1721424022.28267,1000m,754m,1000Mi,340Mi,small
1721424025.44879,1000m,754m,1000Mi,340Mi,small
1721424028.48657,1000m,754m,1000Mi,340Mi,small
1721424031.52403,1000m,754m,1000Mi,340Mi,small
1721424034.57153,1000m,754m,1000Mi,340Mi,small
1721424037.60584,1000m,754m,1000Mi,340Mi,small
1721424040.65426,1000m,754m,1000Mi,340Mi,small
1721424043.69012,1000m,754m,1000Mi,340Mi,small
1721424046.73566,1000m,743m,1000Mi,331Mi,small
1721424049.77721,1000m,743m,1000Mi,331Mi,small
1721424052.81522,1000m,743m,1000Mi,331Mi,small
1721424055.85401,1000m,743m,1000Mi,331Mi,small
1721424058.90803,1000m,743m,1000Mi,331Mi,small
1721424062.21563,1000m,743m,1000Mi,331Mi,small
1721424065.25974,1000m,743m,1000Mi,331Mi,small
1721424068.31466,1000m,743m,1000Mi,331Mi,small
1721424071.38999,1000m,743m,1000Mi,331Mi,small
1721424074.43462,1000m,753m,1000Mi,343Mi,small
1721424077.47783,1000m,753m,1000Mi,343Mi,small
1721424080.51452,1000m,753m,1000Mi,343Mi,small
1721424083.56634,1000m,753m,1000Mi,343Mi,small
1721424086.60762,1000m,753m,1000Mi,343Mi,small
1721424089.64469,1000m,753m,1000Mi,343Mi,small
1721424092.78067,1000m,753m,1000Mi,343Mi,small
1721424095.82391,1000m,753m,1000Mi,343Mi,small
1721424098.87944,1000m,753m,1000Mi,343Mi,small
1721424101.94714,1000m,753m,1000Mi,343Mi,small
1721424104.9814,1000m,732m,1000Mi,332Mi,small
1721424108.0922,1000m,732m,1000Mi,332Mi,small
1721424111.14152,1000m,732m,1000Mi,332Mi,small
1721424114.18377,1000m,732m,1000Mi,332Mi,small
1721424117.22694,1000m,732m,1000Mi,332Mi,small
1721424120.2726,1000m,732m,1000Mi,332Mi,small
1721424123.315,1000m,732m,1000Mi,332Mi,small
1721424126.48205,1000m,732m,1000Mi,332Mi,small
1721424129.52572,1000m,732m,1000Mi,332Mi,small
1721424132.57814,1000m,732m,1000Mi,332Mi,small
1721424135.6147,1000m,772m,1000Mi,331Mi,small
1721424138.65743,1000m,772m,1000Mi,331Mi,small
1721424141.69313,1000m,772m,1000Mi,331Mi,small
1721424144.78126,1000m,772m,1000Mi,331Mi,small
1721424147.83725,1000m,772m,1000Mi,331Mi,small
1721424150.87862,1000m,772m,1000Mi,331Mi,small
1721424153.91337,1000m,772m,1000Mi,331Mi,small
1721424156.96006,1000m,772m,1000Mi,331Mi,small
1721424159.99958,1000m,772m,1000Mi,331Mi,small
1721424163.04639,1000m,772m,1000Mi,331Mi,small
1721424166.09087,1000m,761m,1000Mi,332Mi,small
1721424169.13461,1000m,761m,1000Mi,332Mi,small
1721424172.18289,1000m,761m,1000Mi,332Mi,small
1721424175.22165,1000m,761m,1000Mi,332Mi,small
1721424178.26379,1000m,761m,1000Mi,332Mi,small
1721424182.17411,1000m,761m,1000Mi,332Mi,small
1721424185.21653,1000m,761m,1000Mi,332Mi,small
1721424188.25225,1000m,761m,1000Mi,332Mi,small
1721424191.45892,1000m,761m,1000Mi,332Mi,small
1721424194.50128,1000m,737m,1000Mi,343Mi,small
1721424197.54458,1000m,737m,1000Mi,343Mi,small
1721424200.58187,1000m,737m,1000Mi,343Mi,small
1721424203.72297,1000m,737m,1000Mi,343Mi,small
1721424206.77443,1000m,737m,1000Mi,343Mi,small
1721424209.8127,1000m,737m,1000Mi,343Mi,small
1721424212.88544,1000m,737m,1000Mi,343Mi,small
1721424215.97624,1000m,737m,1000Mi,343Mi,small
1721424219.01959,1000m,737m,1000Mi,343Mi,small
1721424222.08086,1000m,737m,1000Mi,343Mi,small
1721424225.12637,1000m,751m,1000Mi,341Mi,small
1721424228.27919,1000m,751m,1000Mi,341Mi,small
1721424231.32378,1000m,751m,1000Mi,341Mi,small
1721424234.36467,1000m,751m,1000Mi,341Mi,small
1721424237.39747,1000m,751m,1000Mi,341Mi,small
1721424240.47625,1000m,751m,1000Mi,341Mi,small
1721424243.52061,1000m,751m,1000Mi,341Mi,small
1721424246.56092,1000m,751m,1000Mi,341Mi,small
1721424249.59489,1000m,751m,1000Mi,341Mi,small
1721424252.64105,1000m,751m,1000Mi,341Mi,small
1721424255.67706,1000m,743m,1000Mi,343Mi,small
1721424258.71736,1000m,743m,1000Mi,343Mi,small
1721424261.76254,1000m,743m,1000Mi,343Mi,small
1721424264.81003,1000m,743m,1000Mi,343Mi,small
1721424267.85923,1000m,743m,1000Mi,343Mi,small
1721424270.89788,1000m,743m,1000Mi,343Mi,small
1721424273.93991,1000m,743m,1000Mi,343Mi,small
1721424277.18315,1000m,743m,1000Mi,343Mi,small
1721424280.22525,1000m,743m,1000Mi,343Mi,small
1721424283.26803,1000m,743m,1000Mi,343Mi,small
1721424286.31037,1000m,710m,1000Mi,341Mi,small
1721424289.35655,1000m,710m,1000Mi,341Mi,small
1721424292.39637,1000m,710m,1000Mi,341Mi,small
1721424295.53154,1000m,710m,1000Mi,341Mi,small
1721424298.56948,1000m,710m,1000Mi,341Mi,small
1721424301.61631,1000m,710m,1000Mi,341Mi,small
1721424304.65449,1000m,710m,1000Mi,341Mi,small
1721424307.69485,1000m,710m,1000Mi,341Mi,small
1721424310.74275,1000m,710m,1000Mi,341Mi,small
1721424313.78596,1000m,710m,1000Mi,341Mi,small
1721424316.82998,1000m,771m,1000Mi,343Mi,small
1721424319.87362,1000m,771m,1000Mi,343Mi,small
1721424322.9106,1000m,771m,1000Mi,343Mi,small
1721424325.95186,1000m,771m,1000Mi,343Mi,small
1721424328.98998,1000m,771m,1000Mi,343Mi,small
1721424332.02812,1000m,771m,1000Mi,343Mi,small
1721424335.06553,1000m,771m,1000Mi,343Mi,small
1721424338.10899,1000m,771m,1000Mi,343Mi,small
1721424341.29687,1000m,771m,1000Mi,343Mi,small
1721424344.32978,1000m,768m,1000Mi,357Mi,small
1721424347.37116,1000m,768m,1000Mi,357Mi,small
1721424350.42042,1000m,768m,1000Mi,357Mi,small
1721424353.46069,1000m,768m,1000Mi,357Mi,small
1721424356.51086,1000m,768m,1000Mi,357Mi,small
1721424359.58394,1000m,768m,1000Mi,357Mi,small
1721424362.85966,1000m,768m,1000Mi,357Mi,small
1721424365.90156,1000m,768m,1000Mi,357Mi,small
1721424368.93735,1000m,768m,1000Mi,357Mi,small
1721424371.97961,1000m,768m,1000Mi,357Mi,small
1721424375.02144,1000m,755m,1000Mi,331Mi,small
1721424378.06012,1000m,755m,1000Mi,331Mi,small
1721424381.0932,1000m,755m,1000Mi,331Mi,small
1721424384.13371,1000m,755m,1000Mi,331Mi,small
1721424387.18126,1000m,755m,1000Mi,331Mi,small
1721424390.21674,1000m,755m,1000Mi,331Mi,small
1721424393.25652,1000m,755m,1000Mi,331Mi,small
1721424396.29839,1000m,755m,1000Mi,331Mi,small
1721424399.3437,1000m,755m,1000Mi,331Mi,small
1721424402.37833,1000m,755m,1000Mi,331Mi,small
1721424405.41616,1000m,746m,1000Mi,341Mi,small
1721424408.45785,1000m,746m,1000Mi,341Mi,small
1721424411.50207,1000m,746m,1000Mi,341Mi,small
1721424414.53861,1000m,746m,1000Mi,341Mi,small
1721424417.58227,1000m,746m,1000Mi,341Mi,small
