time,cpu_request,memory_request,model,model_acc,processing_delay(s)
0.0,1731409353.6423087,500.0,500.0,0.0,37.3,4.5275654792785645
1.0,1731409357.362511,1000.0,500.0,1.0,44.9,3.138850212097168
2.0,1731409360.6947289,1500.0,500.0,0.0,37.3,2.852947473526001
3.0,1731409365.5850837,500.0,500.0,0.0,37.3,4.354718446731567
4.0,1731409369.3321178,1000.0,500.0,1.0,44.9,3.168095588684082
5.0,1731409372.7758818,1500.0,500.0,1.0,44.9,3.0792980194091797
0.0,1731409373.5065062,500.0,500.0,0.0,37.3,0.35271763801574707
1.0,1731409374.4274392,1000.0,500.0,1.0,44.9,0.4126410484313965
2.0,1731409374.8202314,1500.0,500.0,0.0,37.3,0.1462845802307129
3.0,1731409375.6731465,500.0,500.0,0.0,37.3,0.3966085910797119
4.0,1731409376.4704866,1000.0,500.0,1.0,44.9,0.4943232536315918
5.0,1731409377.316208,1500.0,500.0,1.0,44.9,0.43665361404418945
0.0,1731409378.3560305,500.0,500.0,0.0,37.3,0.34363627433776855
1.0,1731409379.3385417,1000.0,500.0,1.0,44.9,0.4017024040222168
2.0,1731409380.056177,1500.0,500.0,0.0,37.3,0.17362570762634277
3.0,1731409381.2955854,500.0,500.0,0.0,37.3,0.3731532096862793
4.0,1731409382.4147298,1000.0,500.0,1.0,44.9,0.5001163482666016
5.0,1731409383.2233713,1500.0,500.0,1.0,44.9,0.41420936584472656
0.0,1731409383.9624631,500.0,500.0,0.0,37.3,0.39464306831359863
1.0,1731409384.5796425,1000.0,500.0,1.0,44.9,0.3976609706878662
2.0,1731409384.9765708,1500.0,500.0,0.0,37.3,0.1402301788330078
3.0,1731409385.7655072,500.0,500.0,0.0,37.3,0.35110950469970703
4.0,1731409386.5033462,1000.0,500.0,1.0,44.9,0.48601865768432617
5.0,1731409387.2408922,1500.0,500.0,1.0,44.9,0.4247465133666992
0.0,1731409388.2161179,500.0,500.0,0.0,37.3,0.31922054290771484
1.0,1731409389.0375826,1000.0,500.0,1.0,44.9,0.40389037132263184
2.0,1731409389.7145386,1500.0,500.0,0.0,37.3,0.18333864212036133
3.0,1731409390.7372918,500.0,500.0,0.0,37.3,0.39597010612487793
4.0,1731409391.6250944,1000.0,500.0,1.0,44.9,0.4954097270965576
5.0,1731409392.6298661,1500.0,500.0,1.0,44.9,0.4219706058502197
0.0,1731409393.3991587,500.0,500.0,0.0,37.3,0.3283674716949463
1.0,1731409394.067009,1000.0,500.0,1.0,44.9,0.4066963195800781
2.0,1731409394.4102495,1500.0,500.0,0.0,37.3,0.17766618728637695
3.0,1731409395.420798,500.0,500.0,0.0,37.3,0.3508005142211914
4.0,1731409396.2416644,1000.0,500.0,1.0,44.9,0.48424220085144043
5.0,1731409397.3424103,1500.0,500.0,1.0,44.9,0.4247615337371826
0.0,1731409398.3905418,500.0,500.0,0.0,37.3,0.31335878372192383
1.0,1731409399.3209083,1000.0,500.0,1.0,44.9,0.4012768268585205
2.0,1731409399.9380536,1500.0,500.0,0.0,37.3,0.14047837257385254
3.0,1731409400.8525295,500.0,500.0,0.0,37.3,0.385575532913208
4.0,1731409401.7537377,1000.0,500.0,1.0,44.9,0.5225248336791992
5.0,1731409403.1574452,1500.0,500.0,1.0,44.9,0.42580080032348633
0.0,1731409403.860179,500.0,500.0,0.0,37.3,0.2921144962310791
1.0,1731409404.548935,1000.0,500.0,1.0,44.9,0.3949911594390869
2.0,1731409405.059576,1500.0,500.0,0.0,37.3,0.1774146556854248
3.0,1731409405.6443386,500.0,500.0,0.0,37.3,0.34744691848754883
4.0,1731409406.3837416,1000.0,500.0,1.0,44.9,0.4869668483734131
5.0,1731409407.4160078,1500.0,500.0,1.0,44.9,0.41872596740722656
0.0,1731409408.5146139,500.0,500.0,0.0,37.3,0.377849817276001
1.0,1731409409.7690544,1000.0,500.0,1.0,44.9,0.39882421493530273
2.0,1731409410.462229,1500.0,500.0,0.0,37.3,0.17756986618041992
3.0,1731409411.5910282,500.0,500.0,0.0,37.3,0.29849696159362793
4.0,1731409412.5342073,1000.0,500.0,1.0,44.9,0.48538947105407715
5.0,1731409413.4253805,1500.0,500.0,1.0,44.9,0.4140937328338623
0.0,1731409414.0537772,500.0,500.0,0.0,37.3,0.33139872550964355
1.0,1731409414.6627283,1000.0,500.0,1.0,44.9,0.39910888671875
2.0,1731409415.2070816,1500.0,500.0,0.0,37.3,0.16961884498596191
3.0,1731409415.899632,500.0,500.0,0.0,37.3,0.33463025093078613
4.0,1731409416.79659,1000.0,500.0,1.0,44.9,0.4853708744049072
5.0,1731409417.531358,1500.0,500.0,1.0,44.9,0.4129514694213867
0.0,1731409418.4555485,500.0,500.0,0.0,37.3,0.3200216293334961
1.0,1731409419.2581892,1000.0,500.0,1.0,44.9,0.4008045196533203
2.0,1731409419.8747306,1500.0,500.0,0.0,37.3,0.14156603813171387
3.0,1731409420.7003005,500.0,500.0,0.0,37.3,0.3481612205505371
4.0,1731409421.7249854,1000.0,500.0,1.0,44.9,0.4989774227142334
5.0,1731409422.7996545,1500.0,500.0,1.0,44.9,0.43103766441345215
0.0,1731409423.6839252,500.0,500.0,0.0,37.3,0.3358192443847656
1.0,1731409424.6151798,1000.0,500.0,1.0,44.9,0.3910527229309082
2.0,1731409425.0305538,1500.0,500.0,0.0,37.3,0.17016291618347168
3.0,1731409426.0160418,500.0,500.0,0.0,37.3,0.3244187831878662
4.0,1731409427.0598872,1000.0,500.0,1.0,44.9,0.4856576919555664
5.0,1731409427.8659303,1500.0,500.0,1.0,44.9,0.4240708351135254
0.0,1731409428.50251,500.0,500.0,0.0,37.3,0.355452299118042
1.0,1731409429.2195928,1000.0,500.0,1.0,44.9,0.4002046585083008
2.0,1731409429.8340273,1500.0,500.0,0.0,37.3,0.15454697608947754
3.0,1731409430.4564548,500.0,500.0,0.0,37.3,0.3785064220428467
4.0,1731409431.6770813,1000.0,500.0,1.0,44.9,0.5138058662414551
5.0,1731409432.4984183,1500.0,500.0,1.0,44.9,0.4137108325958252
0.0,1731409433.4134977,500.0,500.0,0.0,37.3,0.3530271053314209
1.0,1731409434.4419482,1000.0,500.0,1.0,44.9,0.40248680114746094
2.0,1731409435.0301344,1500.0,500.0,0.0,37.3,0.16623473167419434
3.0,1731409436.119634,500.0,500.0,0.0,37.3,0.39127588272094727
4.0,1731409437.005419,1000.0,500.0,1.0,44.9,0.48772764205932617
5.0,1731409437.7583485,1500.0,500.0,1.0,44.9,0.41934776306152344
0.0,1731409438.4074929,500.0,500.0,0.0,37.3,0.2995915412902832
1.0,1731409439.0344024,1000.0,500.0,1.0,44.9,0.4075138568878174
2.0,1731409439.4612257,1500.0,500.0,0.0,37.3,0.1809680461883545
3.0,1731409440.1676319,500.0,500.0,0.0,37.3,0.3500351905822754
4.0,1731409440.869878,1000.0,500.0,1.0,44.9,0.4931802749633789
5.0,1731409441.6937332,1500.0,500.0,1.0,44.9,0.4324629306793213
0.0,1731410027.2739873,500.0,500.0,0.0,37.3,0.3540832996368408
1.0,1731410028.3005712,1000.0,500.0,1.0,44.9,0.41530919075012207
2.0,1731410028.9065802,1500.0,500.0,0.0,37.3,0.16108202934265137
3.0,1731410030.0164723,500.0,500.0,0.0,37.3,0.4084970951080322
4.0,1731410033.7937305,1000.0,500.0,1.0,44.9,3.0943830013275146
5.0,1731410035.0478733,1500.0,500.0,1.0,44.9,0.4738278388977051
0.0,1731410035.6186223,500.0,500.0,0.0,37.3,0.3011610507965088
1.0,1731410036.4662075,1000.0,500.0,1.0,44.9,0.3973524570465088
2.0,1731410036.8559866,1500.0,500.0,0.0,37.3,0.14724469184875488
3.0,1731410037.4437041,500.0,500.0,0.0,37.3,0.3013279438018799
4.0,1731410038.2723343,1000.0,500.0,1.0,44.9,0.4285464286804199
5.0,1731410038.9161656,1500.0,500.0,1.0,44.9,0.41796398162841797
0.0,1731410039.8348029,500.0,500.0,0.0,37.3,0.340146541595459
1.0,1731410040.8408859,1000.0,500.0,1.0,44.9,0.3970201015472412
2.0,1731410041.4474778,1500.0,500.0,0.0,37.3,0.1652514934539795
3.0,1731410042.5851438,500.0,500.0,0.0,37.3,0.31088924407958984
4.0,1731410043.6699023,1000.0,500.0,1.0,44.9,0.45027828216552734
5.0,1731410044.4407527,1500.0,500.0,1.0,44.9,0.41498851776123047
0.0,1731410045.0715487,500.0,500.0,0.0,37.3,0.3229079246520996
1.0,1731410046.0813973,1000.0,500.0,1.0,44.9,0.39486145973205566
2.0,1731410046.4739738,1500.0,500.0,0.0,37.3,0.16618752479553223
3.0,1731410047.537797,500.0,500.0,0.0,37.3,0.3583953380584717
4.0,1731410048.5452354,1000.0,500.0,1.0,44.9,0.43843793869018555
5.0,1731410049.3310513,1500.0,500.0,1.0,44.9,0.4149315357208252
0.0,1731410050.35668,500.0,500.0,0.0,37.3,0.3306567668914795
1.0,1731410051.211574,1000.0,500.0,1.0,44.9,0.40071654319763184
2.0,1731410051.775493,1500.0,500.0,0.0,37.3,0.16768980026245117
3.0,1731410052.7416208,500.0,500.0,0.0,37.3,0.34720420837402344
4.0,1731410053.6445096,1000.0,500.0,1.0,44.9,0.4335470199584961
5.0,1731410054.5679176,1500.0,500.0,1.0,44.9,0.41463351249694824
0.0,1731410055.2961457,500.0,500.0,0.0,37.3,0.28435826301574707
1.0,1731410055.9042387,1000.0,500.0,1.0,44.9,0.400130033493042
2.0,1731410056.3148568,1500.0,500.0,0.0,37.3,0.1534290313720703
3.0,1731410057.0476716,500.0,500.0,0.0,37.3,0.3408164978027344
4.0,1731410057.7536187,1000.0,500.0,1.0,44.9,0.42382001876831055
5.0,1731410058.565041,1500.0,500.0,1.0,44.9,0.41437196731567383
0.0,1731410059.7626085,500.0,500.0,0.0,37.3,0.3564753532409668
1.0,1731410060.7881246,1000.0,500.0,1.0,44.9,0.405322790145874
2.0,1731410061.3194187,1500.0,500.0,0.0,37.3,0.15398526191711426
3.0,1731410062.3464015,500.0,500.0,0.0,37.3,0.4006009101867676
4.0,1731410063.157632,1000.0,500.0,1.0,44.9,0.43296241760253906
5.0,1731410064.196453,1500.0,500.0,1.0,44.9,0.4122774600982666
0.0,1731410064.8220813,500.0,500.0,0.0,37.3,0.3520660400390625
1.0,1731410065.4264863,1000.0,500.0,1.0,44.9,0.39668750762939453
2.0,1731410065.8175576,1500.0,500.0,0.0,37.3,0.1715104579925537
3.0,1731410066.5672603,500.0,500.0,0.0,37.3,0.3347933292388916
4.0,1731410067.4552093,1000.0,500.0,1.0,44.9,0.434307336807251
5.0,1731410068.0946538,1500.0,500.0,1.0,44.9,0.4196889400482178
0.0,1731410069.248904,500.0,500.0,0.0,37.3,0.3471646308898926
1.0,1731410070.0895238,1000.0,500.0,1.0,44.9,0.3980891704559326
2.0,1731410070.7685888,1500.0,500.0,0.0,37.3,0.17013239860534668
3.0,1731410071.873245,500.0,500.0,0.0,37.3,0.2953801155090332
4.0,1731410072.741084,1000.0,500.0,1.0,44.9,0.4296989440917969
5.0,1731410073.5295966,1500.0,500.0,1.0,44.9,0.4280531406402588
0.0,1731410074.5222974,500.0,500.0,0.0,37.3,0.3298072814941406
1.0,1731410075.4640083,1000.0,500.0,1.0,44.9,0.42368221282958984
2.0,1731410076.0048609,1500.0,500.0,0.0,37.3,0.1742866039276123
3.0,1731410076.9868364,500.0,500.0,0.0,37.3,0.4023585319519043
4.0,1731410077.595549,1000.0,500.0,1.0,44.9,0.42358970642089844
5.0,1731410078.3391805,1500.0,500.0,1.0,44.9,0.41712498664855957
0.0,1731410078.9192367,500.0,500.0,0.0,37.3,0.31574416160583496
1.0,1731410079.551668,1000.0,500.0,1.0,44.9,0.3944673538208008
2.0,1731410080.1723616,1500.0,500.0,0.0,37.3,0.14690804481506348
3.0,1731410080.7857208,500.0,500.0,0.0,37.3,0.35239171981811523
4.0,1731410081.5900064,1000.0,500.0,1.0,44.9,0.42532992362976074
5.0,1731410082.6599395,1500.0,500.0,1.0,44.9,0.4306643009185791
0.0,1731410083.7525969,500.0,500.0,0.0,37.3,0.2952578067779541
1.0,1731410084.6553795,1000.0,500.0,1.0,44.9,0.39382266998291016
2.0,1731410085.3326354,1500.0,500.0,0.0,37.3,0.1452043056488037
3.0,1731410086.215407,500.0,500.0,0.0,37.3,0.3242504596710205
4.0,1731410087.251396,1000.0,500.0,1.0,44.9,0.4478640556335449
5.0,1731410088.129302,1500.0,500.0,1.0,44.9,0.4098999500274658
0.0,1731410088.7583654,500.0,500.0,0.0,37.3,0.324202299118042
1.0,1731410089.5010204,1000.0,500.0,1.0,44.9,0.3931763172149658
2.0,1731410089.9039438,1500.0,500.0,0.0,37.3,0.1514723300933838
3.0,1731410090.6003458,500.0,500.0,0.0,37.3,0.35538172721862793
4.0,1731410091.5598242,1000.0,500.0,1.0,44.9,0.4382765293121338
5.0,1731410092.232026,1500.0,500.0,1.0,44.9,0.40929484367370605
0.0,1731410093.26669,500.0,500.0,0.0,37.3,0.3331794738769531
1.0,1731410094.3229384,1000.0,500.0,1.0,44.9,0.40298938751220703
2.0,1731410094.9327204,1500.0,500.0,0.0,37.3,0.16501903533935547
3.0,1731410096.0464575,500.0,500.0,0.0,37.3,0.32884669303894043
4.0,1731410097.033975,1000.0,500.0,1.0,44.9,0.42819905281066895
5.0,1731410097.9720855,1500.0,500.0,1.0,44.9,0.4137296676635742
0.0,1731410098.6229885,500.0,500.0,0.0,37.3,0.34514713287353516
1.0,1731410099.215979,1000.0,500.0,1.0,44.9,0.39163827896118164
2.0,1731410099.736924,1500.0,500.0,0.0,37.3,0.14603209495544434
3.0,1731410100.3419175,500.0,500.0,0.0,37.3,0.37654972076416016
4.0,1731410101.1610608,1000.0,500.0,1.0,44.9,0.4396200180053711
5.0,1731410101.9709494,1500.0,500.0,1.0,44.9,0.42159533500671387
0.0,1731410102.9135454,500.0,500.0,0.0,37.3,0.3516685962677002
1.0,1731410103.8183246,1000.0,500.0,1.0,44.9,0.41504645347595215
2.0,1731410104.4344072,1500.0,500.0,0.0,37.3,0.17547941207885742
3.0,1731410105.605476,500.0,500.0,0.0,37.3,0.32752418518066406
4.0,1731410106.6038206,1000.0,500.0,1.0,44.9,0.42647552490234375
5.0,1731410107.4212604,1500.0,500.0,1.0,44.9,0.4131324291229248
0.0,1731410108.4227247,500.0,500.0,0.0,37.3,0.40819573402404785
1.0,1731410109.1890101,1000.0,500.0,1.0,44.9,0.3959493637084961
2.0,1731410109.5521824,1500.0,500.0,0.0,37.3,0.16485810279846191
3.0,1731410110.165914,500.0,500.0,0.0,37.3,0.3571438789367676
4.0,1731410111.0234714,1000.0,500.0,1.0,44.9,0.4352729320526123
5.0,1731410111.6908815,1500.0,500.0,1.0,44.9,0.41728639602661133
0.0,1731410112.6134582,500.0,500.0,0.0,37.3,0.3653910160064697
1.0,1731410113.6131697,1000.0,500.0,1.0,44.9,0.4007134437561035
2.0,1731410114.1746407,1500.0,500.0,0.0,37.3,0.13723182678222656
3.0,1731410115.212829,500.0,500.0,0.0,37.3,0.3589603900909424
4.0,1731410116.1889098,1000.0,500.0,1.0,44.9,0.43136119842529297
5.0,1731410117.1351893,1500.0,500.0,1.0,44.9,0.4190034866333008
0.0,1731410343.9512725,500.0,500.0,0.0,37.3,0.36661744117736816
1.0,1731410345.052172,1000.0,500.0,1.0,44.9,0.4186739921569824
2.0,1731410345.4800968,1500.0,500.0,0.0,37.3,0.17291998863220215
3.0,1731410346.0938137,500.0,500.0,0.0,37.3,0.3661329746246338
4.0,1731410347.1869915,1000.0,500.0,1.0,44.9,0.4401419162750244
5.0,1731410347.8592265,1500.0,500.0,1.0,44.9,0.42333030700683594
0.0,1731410349.0265658,500.0,500.0,0.0,37.3,0.3557097911834717
1.0,1731410349.804291,1000.0,500.0,1.0,44.9,0.3922109603881836
2.0,1731410350.2886262,1500.0,500.0,0.0,37.3,0.14353132247924805
3.0,1731410351.9475734,500.0,500.0,0.0,37.3,0.3581562042236328
4.0,1731410352.8571177,1000.0,500.0,1.0,44.9,0.42925095558166504
5.0,1731410353.6245928,1500.0,500.0,1.0,44.9,0.4289267063140869
0.0,1731410354.4421177,500.0,500.0,0.0,37.3,0.3291594982147217
1.0,1731410355.1074195,1000.0,500.0,1.0,44.9,0.4101691246032715
2.0,1731410355.505335,1500.0,500.0,0.0,37.3,0.15961122512817383
3.0,1731410356.2495074,500.0,500.0,0.0,37.3,0.4110743999481201
4.0,1731410356.9489691,1000.0,500.0,1.0,44.9,0.4362208843231201
5.0,1731410357.6009474,1500.0,500.0,1.0,44.9,0.42340946197509766
0.0,1731410358.8275363,500.0,500.0,0.0,37.3,0.3564600944519043
1.0,1731410359.6243267,1000.0,500.0,1.0,44.9,0.3960099220275879
2.0,1731410360.1319902,1500.0,500.0,0.0,37.3,0.14081764221191406
3.0,1731410361.1964567,500.0,500.0,0.0,37.3,0.3830387592315674
4.0,1731410362.5928707,1000.0,500.0,1.0,44.9,0.4445986747741699
5.0,1731410363.6567805,1500.0,500.0,1.0,44.9,0.4184412956237793
0.0,1731410364.3434591,500.0,500.0,0.0,37.3,0.3633131980895996
1.0,1731410365.0632184,1000.0,500.0,1.0,44.9,0.40181970596313477
2.0,1731410365.5324225,1500.0,500.0,0.0,37.3,0.14810824394226074
3.0,1731410366.3533816,500.0,500.0,0.0,37.3,0.309948205947876
4.0,1731410367.0582922,1000.0,500.0,1.0,44.9,0.43152666091918945
5.0,1731410367.7617114,1500.0,500.0,1.0,44.9,0.4227147102355957
0.0,1731410368.7521446,500.0,500.0,0.0,37.3,0.3526780605316162
1.0,1731410369.753853,1000.0,500.0,1.0,44.9,0.3948855400085449
2.0,1731410370.6915426,1500.0,500.0,0.0,37.3,0.1588912010192871
3.0,1731410371.7082176,500.0,500.0,0.0,37.3,0.36114025115966797
4.0,1731410372.621033,1000.0,500.0,1.0,44.9,0.4287254810333252
5.0,1731410373.570624,1500.0,500.0,1.0,44.9,0.4178812503814697
0.0,1731410374.260221,500.0,500.0,0.0,37.3,0.36401939392089844
1.0,1731410374.9088964,1000.0,500.0,1.0,44.9,0.41057872772216797
2.0,1731410375.4290657,1500.0,500.0,0.0,37.3,0.15993833541870117
3.0,1731410376.1324127,500.0,500.0,0.0,37.3,0.37574315071105957
4.0,1731410376.9604447,1000.0,500.0,1.0,44.9,0.4391605854034424
5.0,1731410377.7598073,1500.0,500.0,1.0,44.9,0.41269850730895996
0.0,1731410378.8141418,500.0,500.0,0.0,37.3,0.35440826416015625
1.0,1731410379.5998886,1000.0,500.0,1.0,44.9,0.39386916160583496
2.0,1731410380.20469,1500.0,500.0,0.0,37.3,0.14554142951965332
3.0,1731410381.128672,500.0,500.0,0.0,37.3,0.413776159286499
4.0,1731410382.1968994,1000.0,500.0,1.0,44.9,0.433624267578125
5.0,1731410383.097293,1500.0,500.0,1.0,44.9,0.42869997024536133
0.0,1731410383.7960718,500.0,500.0,0.0,37.3,0.3488912582397461
1.0,1731410384.3996468,1000.0,500.0,1.0,44.9,0.4007718563079834
2.0,1731410384.956527,1500.0,500.0,0.0,37.3,0.16570258140563965
3.0,1731410385.6731486,500.0,500.0,0.0,37.3,0.2941303253173828
4.0,1731410386.776665,1000.0,500.0,1.0,44.9,0.43765950202941895
5.0,1731410387.597939,1500.0,500.0,1.0,44.9,0.41434288024902344
0.0,1731410388.5009654,500.0,500.0,0.0,37.3,0.355999231338501
1.0,1731410389.6361942,1000.0,500.0,1.0,44.9,0.40265488624572754
2.0,1731410390.247249,1500.0,500.0,0.0,37.3,0.14268755912780762
3.0,1731410392.3189175,500.0,500.0,0.0,37.3,0.30248594284057617
4.0,1731410392.9282818,1000.0,500.0,1.0,44.9,0.42563819885253906
5.0,1731410394.0245328,1500.0,500.0,1.0,44.9,0.42533397674560547
0.0,1731410394.6420112,500.0,500.0,0.0,37.3,0.38521909713745117
1.0,1731410395.2611659,1000.0,500.0,1.0,44.9,0.4056680202484131
2.0,1731410395.893833,1500.0,500.0,0.0,37.3,0.15036964416503906
3.0,1731410396.4770136,500.0,500.0,0.0,37.3,0.34154653549194336
4.0,1731410397.3101523,1000.0,500.0,1.0,44.9,0.4323158264160156
5.0,1731410398.3400142,1500.0,500.0,1.0,44.9,0.4255836009979248
0.0,1731410399.236434,500.0,500.0,0.0,37.3,0.3132328987121582
1.0,1731410400.3688104,1000.0,500.0,1.0,44.9,0.4041304588317871
2.0,1731410401.0676067,1500.0,500.0,0.0,37.3,0.14156103134155273
3.0,1731410402.1427653,500.0,500.0,0.0,37.3,0.3596792221069336
4.0,1731410403.063973,1000.0,500.0,1.0,44.9,0.42841267585754395
5.0,1731410403.8633199,1500.0,500.0,1.0,44.9,0.42669677734375
0.0,1731410404.8044004,500.0,500.0,0.0,37.3,0.3542447090148926
1.0,1731410405.8469362,1000.0,500.0,1.0,44.9,0.3989682197570801
2.0,1731410406.219401,1500.0,500.0,0.0,37.3,0.17250871658325195
3.0,1731410407.2297575,500.0,500.0,0.0,37.3,0.393787145614624
4.0,1731410408.2990677,1000.0,500.0,1.0,44.9,0.43032073974609375
5.0,1731410409.0015023,1500.0,500.0,1.0,44.9,0.4192202091217041
0.0,1731410409.5859387,500.0,500.0,0.0,37.3,0.3357532024383545
1.0,1731410410.3344088,1000.0,500.0,1.0,44.9,0.39584946632385254
2.0,1731410410.92222,1500.0,500.0,0.0,37.3,0.15485286712646484
3.0,1731410411.8531046,500.0,500.0,0.0,37.3,0.3980286121368408
4.0,1731410412.5714133,1000.0,500.0,1.0,44.9,0.44242048263549805
5.0,1731410413.322807,1500.0,500.0,1.0,44.9,0.42517805099487305
0.0,1731410414.344213,500.0,500.0,0.0,37.3,0.31488704681396484
1.0,1731410415.2444046,1000.0,500.0,1.0,44.9,0.4072749614715576
2.0,1731410415.8426397,1500.0,500.0,0.0,37.3,0.14616966247558594
3.0,1731410416.9013638,500.0,500.0,0.0,37.3,0.3069417476654053
4.0,1731410417.6933153,1000.0,500.0,1.0,44.9,0.42908143997192383
5.0,1731410418.6033375,1500.0,500.0,1.0,44.9,0.41785454750061035
0.0,1731410419.441616,500.0,500.0,0.0,37.3,0.35486936569213867
1.0,1731410420.141514,1000.0,500.0,1.0,44.9,0.3981313705444336
2.0,1731410420.5434475,1500.0,500.0,0.0,37.3,0.1439821720123291
3.0,1731410421.1485515,500.0,500.0,0.0,37.3,0.3796103000640869
4.0,1731410422.3332715,1000.0,500.0,1.0,44.9,0.4357016086578369
5.0,1731410422.9955792,1500.0,500.0,1.0,44.9,0.42535400390625
0.0,1731410424.2392087,500.0,500.0,0.0,37.3,0.3466525077819824
1.0,1731410425.1913137,1000.0,500.0,1.0,44.9,0.4060497283935547
2.0,1731410425.7812724,1500.0,500.0,0.0,37.3,0.14901089668273926
3.0,1731410426.7234766,500.0,500.0,0.0,37.3,0.34772419929504395
4.0,1731410427.616867,1000.0,500.0,1.0,44.9,0.4323089122772217
5.0,1731410428.386636,1500.0,500.0,1.0,44.9,0.4277951717376709
0.0,1731410429.1435513,500.0,500.0,0.0,37.3,0.3509950637817383
1.0,1731410429.7867825,1000.0,500.0,1.0,44.9,0.39640307426452637
2.0,1731410430.2687554,1500.0,500.0,0.0,37.3,0.14067935943603516
3.0,1731410431.0995002,500.0,500.0,0.0,37.3,0.36006760597229004
4.0,1731410431.8443577,1000.0,500.0,1.0,44.9,0.4331629276275635
5.0,1731410432.6251185,1500.0,500.0,1.0,44.9,0.4205057621002197
0.0,1731410433.7547014,500.0,500.0,0.0,37.3,0.3911299705505371
1.0,1731410434.5692532,1000.0,500.0,1.0,44.9,0.39442896842956543
2.0,1731410435.0869975,1500.0,500.0,0.0,37.3,0.13794255256652832
3.0,1731410436.2081058,500.0,500.0,0.0,37.3,0.3459646701812744
4.0,1731410437.0475419,1000.0,500.0,1.0,44.9,0.4358072280883789
5.0,1731410437.9606647,1500.0,500.0,1.0,44.9,0.41411495208740234
0.0,1731410533.418562,500.0,500.0,0.0,37.3,0.3496708869934082
1.0,1731410534.3449218,1000.0,500.0,1.0,44.9,0.41611695289611816
2.0,1731410534.759259,1500.0,500.0,0.0,37.3,0.16772699356079102
3.0,1731410535.499051,500.0,500.0,0.0,37.3,0.29857802391052246
4.0,1731410536.2607274,1000.0,500.0,1.0,44.9,0.44438648223876953
5.0,1731410537.1876476,1500.0,500.0,1.0,44.9,0.43117213249206543
0.0,1731410538.2179267,500.0,500.0,0.0,37.3,0.3475933074951172
1.0,1731410539.018601,1000.0,500.0,1.0,44.9,0.3974628448486328
2.0,1731410539.671226,1500.0,500.0,0.0,37.3,0.17613816261291504
3.0,1731410540.7148092,500.0,500.0,0.0,37.3,0.35242724418640137
4.0,1731410541.7911594,1000.0,500.0,1.0,44.9,0.43723273277282715
5.0,1731410542.7196941,1500.0,500.0,1.0,44.9,0.42893385887145996
0.0,1731410543.4794781,500.0,500.0,0.0,37.3,0.39818882942199707
1.0,1731410544.1572409,1000.0,500.0,1.0,44.9,0.40310168266296387
2.0,1731410544.7022336,1500.0,500.0,0.0,37.3,0.17142343521118164
3.0,1731410545.367401,500.0,500.0,0.0,37.3,0.3512542247772217
4.0,1731410546.2243025,1000.0,500.0,1.0,44.9,0.43152546882629395
5.0,1731410546.9875822,1500.0,500.0,1.0,44.9,0.41687822341918945
0.0,1731410547.8471842,500.0,500.0,0.0,37.3,0.3499174118041992
1.0,1731410549.1993854,1000.0,500.0,1.0,44.9,0.39441800117492676
2.0,1731410549.6722772,1500.0,500.0,0.0,37.3,0.14332008361816406
3.0,1731410550.497813,500.0,500.0,0.0,37.3,0.3485138416290283
4.0,1731410551.420191,1000.0,500.0,1.0,44.9,0.43417835235595703
5.0,1731410552.2322917,1500.0,500.0,1.0,44.9,0.41657161712646484
0.0,1731410552.9962435,500.0,500.0,0.0,37.3,0.30590081214904785
1.0,1731410553.5875068,1000.0,500.0,1.0,44.9,0.3955841064453125
2.0,1731410554.0583262,1500.0,500.0,0.0,37.3,0.1697220802307129
3.0,1731410554.810864,500.0,500.0,0.0,37.3,0.3522450923919678
4.0,1731410555.703298,1000.0,500.0,1.0,44.9,0.423429012298584
5.0,1731410556.3343852,1500.0,500.0,1.0,44.9,0.3942868709564209
0.0,1731410557.5812206,500.0,500.0,0.0,37.3,0.30701375007629395
1.0,1731410558.3876007,1000.0,500.0,1.0,44.9,0.3937559127807617
2.0,1731410558.9920824,1500.0,500.0,0.0,37.3,0.15424060821533203
3.0,1731410560.0293593,500.0,500.0,0.0,37.3,0.34871649742126465
4.0,1731410560.8481495,1000.0,500.0,1.0,44.9,0.426790714263916
5.0,1731410561.7612329,1500.0,500.0,1.0,44.9,0.41559720039367676
0.0,1731410562.455803,500.0,500.0,0.0,37.3,0.2970774173736572
1.0,1731410563.0856092,1000.0,500.0,1.0,44.9,0.3984842300415039
2.0,1731410563.5760891,1500.0,500.0,0.0,37.3,0.16939973831176758
3.0,1731410564.2188504,500.0,500.0,0.0,37.3,0.3492090702056885
4.0,1731410565.1501365,1000.0,500.0,1.0,44.9,0.43630123138427734
5.0,1731410565.9653535,1500.0,500.0,1.0,44.9,0.41871023178100586
0.0,1731410566.7813966,500.0,500.0,0.0,37.3,0.3571183681488037
1.0,1731410567.603907,1000.0,500.0,1.0,44.9,0.39487671852111816
2.0,1731410568.2309155,1500.0,500.0,0.0,37.3,0.14863181114196777
3.0,1731410569.135954,500.0,500.0,0.0,37.3,0.37853240966796875
4.0,1731410569.949447,1000.0,500.0,1.0,44.9,0.4369957447052002
5.0,1731410570.8200557,1500.0,500.0,1.0,44.9,0.42433929443359375
0.0,1731410571.4846976,500.0,500.0,0.0,37.3,0.3292381763458252
1.0,1731410572.1897638,1000.0,500.0,1.0,44.9,0.3955399990081787
2.0,1731410572.5620322,1500.0,500.0,0.0,37.3,0.17249155044555664
3.0,1731410573.2421572,500.0,500.0,0.0,37.3,0.35980725288391113
4.0,1731410573.873152,1000.0,500.0,1.0,44.9,0.43286919593811035
5.0,1731410574.4821012,1500.0,500.0,1.0,44.9,0.41956400871276855
0.0,1731410575.5106728,500.0,500.0,0.0,37.3,0.3544027805328369
1.0,1731410576.3081946,1000.0,500.0,1.0,44.9,0.39815473556518555
2.0,1731410576.7824337,1500.0,500.0,0.0,37.3,0.16379141807556152
3.0,1731410578.0438333,500.0,500.0,0.0,37.3,0.3458080291748047
4.0,1731410578.9129968,1000.0,500.0,1.0,44.9,0.43021655082702637
5.0,1731410579.7898324,1500.0,500.0,1.0,44.9,0.42203450202941895
0.0,1731410580.3884747,500.0,500.0,0.0,37.3,0.34732508659362793
1.0,1731410580.9902055,1000.0,500.0,1.0,44.9,0.39156436920166016
2.0,1731410581.4580777,1500.0,500.0,0.0,37.3,0.17720580101013184
3.0,1731410582.038204,500.0,500.0,0.0,37.3,0.35984373092651367
4.0,1731410582.8329043,1000.0,500.0,1.0,44.9,0.42441654205322266
5.0,1731410583.5852919,1500.0,500.0,1.0,44.9,0.4123570919036865
0.0,1731410584.5090196,500.0,500.0,0.0,37.3,0.3477606773376465
1.0,1731410585.4086711,1000.0,500.0,1.0,44.9,0.40756654739379883
2.0,1731410586.1495512,1500.0,500.0,0.0,37.3,0.16621136665344238
3.0,1731410587.055704,500.0,500.0,0.0,37.3,0.36995744705200195
4.0,1731410587.7739775,1000.0,500.0,1.0,44.9,0.42579221725463867
5.0,1731410588.682722,1500.0,500.0,1.0,44.9,0.41267848014831543
0.0,1731410589.3185098,500.0,500.0,0.0,37.3,0.35134339332580566
1.0,1731410590.038745,1000.0,500.0,1.0,44.9,0.39620375633239746
2.0,1731410590.4597363,1500.0,500.0,0.0,37.3,0.17154431343078613
3.0,1731410591.1027184,500.0,500.0,0.0,37.3,0.3480660915374756
4.0,1731410592.0581832,1000.0,500.0,1.0,44.9,0.430037260055542
5.0,1731410592.7587504,1500.0,500.0,1.0,44.9,0.4158189296722412
0.0,1731410593.9154327,500.0,500.0,0.0,37.3,0.29785609245300293
1.0,1731410594.846719,1000.0,500.0,1.0,44.9,0.4055767059326172
2.0,1731410595.4067047,1500.0,500.0,0.0,37.3,0.15148448944091797
3.0,1731410596.3932934,500.0,500.0,0.0,37.3,0.3550875186920166
4.0,1731410597.2008462,1000.0,500.0,1.0,44.9,0.43111729621887207
5.0,1731410598.086931,1500.0,500.0,1.0,44.9,0.4184601306915283
0.0,1731410598.713152,500.0,500.0,0.0,37.3,0.410463809967041
1.0,1731410599.3741271,1000.0,500.0,1.0,44.9,0.39486241340637207
2.0,1731410599.8729045,1500.0,500.0,0.0,37.3,0.14603614807128906
3.0,1731410600.580084,500.0,500.0,0.0,37.3,0.35884523391723633
4.0,1731410601.3799314,1000.0,500.0,1.0,44.9,0.43279480934143066
5.0,1731410602.1855874,1500.0,500.0,1.0,44.9,0.42230772972106934
0.0,1731410603.2298257,500.0,500.0,0.0,37.3,0.3444478511810303
1.0,1731410604.0601602,1000.0,500.0,1.0,44.9,0.40164852142333984
2.0,1731410604.7614315,1500.0,500.0,0.0,37.3,0.1640152931213379
3.0,1731410605.7135682,500.0,500.0,0.0,37.3,0.3454902172088623
4.0,1731410606.7490962,1000.0,500.0,1.0,44.9,0.42849206924438477
5.0,1731410607.530248,1500.0,500.0,1.0,44.9,0.41358184814453125
0.0,1731410608.4332757,500.0,500.0,0.0,37.3,0.3216564655303955
1.0,1731410609.5246177,1000.0,500.0,1.0,44.9,0.3961524963378906
2.0,1731410610.0229201,1500.0,500.0,0.0,37.3,0.17355132102966309
3.0,1731410610.9339359,500.0,500.0,0.0,37.3,0.31994152069091797
4.0,1731410611.85786,1000.0,500.0,1.0,44.9,0.427349328994751
5.0,1731410612.772748,1500.0,500.0,1.0,44.9,0.4124619960784912
0.0,1731410613.3903422,500.0,500.0,0.0,37.3,0.3514525890350342
1.0,1731410614.1877658,1000.0,500.0,1.0,44.9,0.39745330810546875
2.0,1731410614.8001988,1500.0,500.0,0.0,37.3,0.14966773986816406
3.0,1731410615.4185514,500.0,500.0,0.0,37.3,0.3468315601348877
4.0,1731410616.3425808,1000.0,500.0,1.0,44.9,0.43037986755371094
5.0,1731410617.1538684,1500.0,500.0,1.0,44.9,0.41924595832824707
0.0,1731410618.1708076,500.0,500.0,0.0,37.3,0.30097246170043945
1.0,1731410618.9512005,1000.0,500.0,1.0,44.9,0.3957035541534424
2.0,1731410619.6419303,1500.0,500.0,0.0,37.3,0.18175363540649414
3.0,1731410620.884928,500.0,500.0,0.0,37.3,0.3157978057861328
4.0,1731410621.673652,1000.0,500.0,1.0,44.9,0.4293675422668457
5.0,1731410622.5853648,1500.0,500.0,1.0,44.9,0.43073558807373047
0.0,1731410623.4374452,500.0,500.0,0.0,37.3,0.3535807132720947
1.0,1731410624.1744263,1000.0,500.0,1.0,44.9,0.3987720012664795
2.0,1731410624.5253704,1500.0,500.0,0.0,37.3,0.15472173690795898
3.0,1731410625.299309,500.0,500.0,0.0,37.3,0.3286581039428711
4.0,1731410625.9619658,1000.0,500.0,1.0,44.9,0.4324469566345215
5.0,1731410626.5580983,1500.0,500.0,1.0,44.9,0.3981354236602783
